timestamp,electrode,sample1,sample2,sample3,sample4,sample5,sample6,sample7,sample8,sample9,sample10,sample11,sample12
1713493258645.125,3,0,-5.37109375,1.953125,46.38671875,-233.88671875,255.859375,-873.53515625,418.45703125,-837.40234375,-983.88671875,133.30078125,-893.06640625
1713493258645.125,2,-0.48828125,-0.9765625,3.41796875,-3.90625,24.4140625,141.6015625,208.984375,145.01953125,32.71484375,35.15625,144.04296875,199.21875
1713493258645.125,0,0,-0.9765625,2.9296875,5.859375,-12.20703125,190.91796875,419.921875,255.37109375,-103.515625,-199.70703125,124.0234375,432.12890625
1713493258645.125,1,-0.48828125,-0.48828125,0.9765625,-2.44140625,8.30078125,31.25,28.3203125,3.90625,-20.5078125,-10.7421875,19.53125,24.90234375
1713493258645.125,4,0,0,-6.8359375,22.4609375,-87.890625,-110.3515625,130.37109375,104.4921875,-66.40625,-298.33984375,-224.609375,205.078125
1713493258692.000,3,510.25390625,-724.12109375,-1000,-34.1796875,-925.78125,643.06640625,-554.6875,-1000,-268.06640625,939.453125,810.05859375,-349.609375
1713493258692.000,2,150.390625,62.01171875,36.62109375,102.05078125,172.36328125,151.3671875,51.7578125,5.859375,81.0546875,191.89453125,184.5703125,56.640625
1713493258692.000,0,308.10546875,-97.65625,-221.6796875,90.8203125,407.2265625,316.40625,-61.03515625,-202.63671875,19.04296875,319.3359375,320.80078125,7.8125
1713493258692.000,1,-3.90625,-38.0859375,-45.8984375,-39.55078125,-24.4140625,-17.08984375,-23.92578125,-18.5546875,6.8359375,6.8359375,-25.390625,-78.61328125
1713493258692.000,4,201.66015625,-240.234375,-464.35546875,-288.57421875,-35.64453125,147.4609375,-86.9140625,-253.41796875,-95.21484375,55.6640625,157.2265625,46.38671875
1713493258738.875,3,-1000,-385.25390625,878.41796875,894.53125,-246.58203125,-1000,-480.95703125,756.8359375,-959.9609375,54.19921875,-1000,-652.34375
1713493258738.875,2,-12.20703125,93.75,196.77734375,179.19921875,90.8203125,30.76171875,79.58984375,158.203125,182.12890625,125.48828125,41.9921875,76.66015625
1713493258738.875,0,-247.0703125,-131.8359375,276.85546875,330.56640625,-40.0390625,-298.33984375,-151.3671875,272.4609375,366.69921875,31.25,-265.625,-151.3671875
1713493258738.875,1,-111.81640625,-112.79296875,-151.85546875,-205.56640625,-266.6015625,-330.56640625,-366.2109375,-397.94921875,-435.546875,-492.1875,-539.0625,-539.0625
1713493258738.875,4,-145.01953125,-327.63671875,-89.35546875,194.82421875,-109.86328125,-503.90625,-401.85546875,126.46484375,270.5078125,-63.96484375,-377.44140625,-546.38671875
1713493258785.750,3,571.77734375,-911.62109375,225.09765625,-992.67578125,-798.33984375,398.92578125,-877.9296875,290.0390625,-949.21875,-926.7578125,210.44921875,-882.8125
1713493258785.750,2,171.875,200.68359375,106.93359375,19.04296875,47.8515625,138.18359375,165.52734375,102.5390625,43.45703125,47.36328125,102.05078125,148.4375
1713493258785.750,0,252.9296875,410.15625,187.5,-167.48046875,-186.03515625,231.4453125,489.74609375,227.05078125,-187.98828125,-194.82421875,194.3359375,451.171875
1713493258785.750,1,-539.55078125,-549.31640625,-580.078125,-585.9375,-559.08203125,-562.01171875,-583.49609375,-577.1484375,-554.19921875,-538.57421875,-520.5078125,-491.2109375
1713493258785.750,4,-243.65234375,-9.27734375,-81.0546875,-291.9921875,-493.65234375,-258.30078125,210.9375,145.5078125,-343.75,-444.3359375,-21.484375,365.234375
1713493258832.625,3,468.26171875,-763.18359375,-1000,-35.15625,-953.125,542.96875,-608.3984375,-1000,-344.7265625,951.171875,645.01953125,-601.5625
1713493258832.625,2,124.51171875,34.1796875,2.9296875,86.9140625,168.45703125,118.1640625,-6.8359375,-34.66796875,83.984375,158.69140625,114.74609375,22.4609375
1713493258832.625,0,237.79296875,-136.71875,-225.5859375,77.63671875,397.94921875,303.7109375,-52.24609375,-266.6015625,-52.24609375,352.5390625,334.47265625,-85.9375
1713493258832.625,1,-473.6328125,-473.14453125,-446.77734375,-406.73828125,-382.8125,-381.34765625,-405.76171875,-397.4609375,-354.4921875,-347.65625,-360.83984375,-370.60546875
1713493258832.625,4,261.71875,-88.37890625,-327.63671875,-195.3125,76.171875,152.34375,127.9296875,-6.34765625,-176.7578125,116.2109375,276.3671875,-83.0078125
1713493258879.500,3,-1000,-520.5078125,794.921875,745.1171875,-510.25390625,-1000,-666.50390625,558.59375,921.875,-257.32421875,-1000,-725.5859375
1713493258879.500,2,-20.5078125,32.2265625,116.2109375,111.328125,27.83203125,-48.828125,-3.41796875,119.62890625,136.71875,19.53125,-78.61328125,-4.39453125
1713493258879.500,0,-313.4765625,-40.52734375,338.37890625,313.96484375,-54.19921875,-265.13671875,-104.00390625,227.05078125,325.68359375,71.77734375,-248.046875,-213.8671875
1713493258879.500,1,-371.58203125,-347.65625,-331.54296875,-348.6328125,-361.328125,-371.58203125,-346.19140625,-302.734375,-305.17578125,-342.28515625,-346.6796875,-307.12890625
1713493258879.500,4,-363.28125,-247.55859375,126.46484375,201.171875,-112.3046875,-262.6953125,-134.765625,34.66796875,106.93359375,101.07421875,-26.85546875,-262.6953125
1713493258926.375,3,468.26171875,-977.05078125,-65.91796875,-1000,-744.140625,436.5234375,-899.90234375,233.88671875,-978.02734375,-856.4453125,294.921875,-895.99609375
1713493258926.375,2,105.95703125,116.2109375,38.0859375,-36.1328125,-18.5546875,55.6640625,106.4453125,49.31640625,-46.875,-74.70703125,24.4140625,127.9296875
1713493258926.375,0,222.65625,384.765625,76.66015625,-276.3671875,-213.37890625,188.4765625,367.1875,122.55859375,-243.65234375,-197.75390625,126.953125,321.77734375
1713493258926.375,1,-304.19921875,-311.5234375,-315.4296875,-313.96484375,-307.12890625,-292.48046875,-278.3203125,-276.85546875,-278.80859375,-294.921875,-268.5546875,-226.5625
1713493258926.375,4,-53.22265625,203.125,79.58984375,-258.7890625,-353.02734375,51.26953125,347.65625,252.9296875,-141.6015625,-108.88671875,196.77734375,175.29296875
1713493258973.250,3,445.80078125,-789.55078125,-1000,101.07421875,-906.73828125,581.0546875,-660.15625,-1000,31.73828125,-941.40625,684.5703125,-483.88671875
1713493258973.250,2,54.6875,-60.05859375,-55.17578125,49.31640625,99.12109375,42.48046875,-50.78125,-59.08203125,12.6953125,58.59375,70.3125,-9.27734375
1713493258973.250,0,199.21875,-198.73046875,-326.66015625,23.4375,373.53515625,239.2578125,-208.49609375,-343.26171875,28.3203125,363.76953125,218.26171875,-160.15625
1713493258973.250,1,-248.046875,-279.296875,-264.6484375,-230.95703125,-226.07421875,-256.34765625,-269.53125,-248.046875,-244.62890625,-245.60546875,-228.02734375,-254.39453125
1713493258973.250,4,201.171875,-68.359375,-366.69921875,-144.04296875,210.9375,327.63671875,37.59765625,-290.52734375,-48.33984375,501.46484375,380.37109375,-85.9375
1713493259020.125,3,-1000,-264.16015625,950.1953125,850.09765625,-307.12890625,-1000,-345.703125,833.984375,959.47265625,-173.33984375,-1000,-479.98046875
1713493259020.125,2,-72.75390625,-5.859375,83.0078125,71.77734375,-38.57421875,-99.609375,-30.76171875,70.80078125,50.29296875,-39.55078125,-61.03515625,-33.69140625
1713493259020.125,0,-339.35546875,-102.5390625,268.06640625,287.59765625,-88.8671875,-365.72265625,-156.25,259.27734375,348.14453125,-56.640625,-359.86328125,-140.13671875
1713493259020.125,1,-273.4375,-258.30078125,-261.71875,-287.59765625,-308.59375,-318.359375,-325.68359375,-315.4296875,-335.9375,-356.4453125,-347.16796875,-333.49609375
1713493259020.125,4,-250.48828125,-118.65234375,139.6484375,261.71875,164.0625,-46.875,-87.890625,156.73828125,483.88671875,232.421875,-283.69140625,-203.125
1713493259067.000,3,700.68359375,-961.9140625,16.11328125,-1000,-703.125,493.65234375,-908.203125,238.76953125,-965.33203125,-865.72265625,304.6875,-885.25390625
1713493259067.000,2,43.45703125,81.54296875,0.48828125,-98.6328125,-76.66015625,35.64453125,77.1484375,2.44140625,-115.72265625,-75.1953125,72.265625,88.8671875
1713493259067.000,0,242.1875,330.078125,17.08984375,-308.10546875,-231.93359375,140.625,338.37890625,99.609375,-248.53515625,-315.91796875,43.9453125,350.09765625
1713493259067.000,1,-320.3125,-329.1015625,-349.609375,-389.16015625,-396.484375,-370.1171875,-382.32421875,-415.0390625,-444.82421875,-425.78125,-400.87890625,-421.38671875
1713493259067.000,4,152.34375,268.06640625,75.1953125,-192.3828125,-183.59375,83.0078125,298.33984375,237.79296875,167.48046875,-89.84375,-106.4453125,271.484375
1713493259113.875,3,342.7734375,-892.08984375,-952.1484375,200.1953125,-926.26953125,483.3984375,-699.21875,-1000,38.57421875,-937.98828125,669.921875,-515.13671875
1713493259113.875,2,15.13671875,-54.19921875,-66.89453125,10.7421875,72.265625,20.99609375,-60.546875,-94.7265625,-6.34765625,104.4921875,59.5703125,-48.33984375
1713493259113.875,0,108.3984375,-283.69140625,-297.8515625,50.29296875,326.171875,191.89453125,-205.56640625,-303.22265625,-17.08984375,280.2734375,247.55859375,-148.4375
1713493259113.875,1,-438.96484375,-464.84375,-479.00390625,-454.1015625,-441.40625,-460.9375,-484.86328125,-505.37109375,-489.2578125,-466.796875,-501.46484375,-533.69140625
1713493259113.875,4,237.79296875,-145.5078125,-247.55859375,50.78125,169.43359375,95.21484375,-50.78125,-89.35546875,36.62109375,64.453125,181.640625,-33.203125
1713493259160.750,3,-1000,-185.05859375,993.1640625,791.9921875,-355.95703125,-1000,-323.2421875,920.8984375,892.578125,-227.5390625,-1000,-537.59765625
1713493259160.750,2,-74.21875,7.32421875,77.63671875,61.03515625,-21.484375,-79.58984375,-35.15625,38.0859375,69.82421875,-18.06640625,-126.46484375,-63.4765625
1713493259160.750,0,-359.375,-72.265625,330.078125,321.77734375,-47.8515625,-300.78125,-103.515625,260.25390625,222.65625,-134.27734375,-416.015625,-284.1796875
1713493259160.750,1,-527.83203125,-497.55859375,-483.3984375,-496.58203125,-505.37109375,-509.27734375,-507.32421875,-497.55859375,-491.2109375,-511.23046875,-527.83203125,-500.48828125
1713493259160.750,4,-339.35546875,-237.3046875,144.04296875,301.26953125,19.53125,-289.0625,-38.57421875,486.328125,381.34765625,-13.18359375,-219.23828125,-210.9375
1713493259207.625,3,713.8671875,-994.62890625,-78.125,-1000,-659.1796875,541.015625,-911.1328125,135.25390625,-1000,-769.53125,419.43359375,-887.6953125
1713493259207.625,2,64.94140625,53.7109375,-70.3125,-122.55859375,-71.2890625,12.20703125,15.13671875,-61.5234375,-103.02734375,-91.30859375,-5.37109375,48.828125
1713493259207.625,0,105.95703125,218.75,-119.140625,-472.65625,-353.02734375,50.78125,255.37109375,-22.94921875,-464.35546875,-389.16015625,46.875,267.578125
1713493259207.625,1,-458.49609375,-464.84375,-485.3515625,-484.86328125,-477.05078125,-461.42578125,-478.02734375,-495.1171875,-488.76953125,-488.28125,-485.83984375,-482.421875
1713493259207.625,4,74.21875,319.82421875,203.125,-116.69921875,-215.8203125,94.7265625,562.01171875,566.40625,-56.640625,-261.71875,58.10546875,272.4609375
1713493259254.500,3,347.65625,-901.85546875,-915.0390625,288.57421875,-961.42578125,445.80078125,-670.41015625,-1000,111.328125,-913.57421875,636.23046875,-562.98828125
1713493259254.500,2,-12.6953125,-114.74609375,-125.9765625,-10.7421875,45.8984375,-43.9453125,-133.30078125,-108.88671875,-7.8125,38.57421875,-7.32421875,-87.890625
1713493259254.500,0,55.6640625,-284.1796875,-300.78125,34.66796875,298.33984375,173.33984375,-193.84765625,-349.609375,0.48828125,381.34765625,268.06640625,-168.45703125
1713493259254.500,1,-487.3046875,-500,-499.0234375,-468.75,-469.23828125,-506.8359375,-513.18359375,-484.86328125,-470.21484375,-483.3984375,-492.1875,-490.72265625
1713493259254.500,4,157.71484375,-99.609375,-199.70703125,-62.01171875,229.00390625,355.95703125,113.28125,-266.6015625,-145.99609375,291.50390625,371.09375,-31.25
1713493259301.375,3,-1000,-24.90234375,-947.75390625,750.48828125,-394.04296875,-1000,-231.93359375,955.56640625,889.16015625,-187.5,-1000,-429.19921875
1713493259301.375,2,-114.2578125,-45.8984375,41.9921875,32.71484375,-71.2890625,-125.48828125,-54.6875,49.31640625,39.0625,-91.796875,-143.06640625,-42.96875
1713493259301.375,0,-306.640625,7.32421875,335.44921875,279.78515625,-95.703125,-286.62109375,-48.828125,313.4765625,346.6796875,9.27734375,-296.38671875,-141.11328125
1713493259301.375,1,-486.328125,-467.7734375,-455.56640625,-465.8203125,-494.140625,-501.46484375,-470.703125,-444.3359375,-456.54296875,-493.1640625,-486.81640625,-468.26171875
1713493259301.375,4,-325.68359375,-69.82421875,285.15625,215.33203125,-34.1796875,-144.53125,-70.3125,133.7890625,271.484375,248.53515625,-104.98046875,-284.66796875
1713493259348.250,3,818.359375,988.76953125,-59.5703125,-1000,-490.72265625,759.765625,-944.82421875,134.765625,-1000,-683.59375,530.2734375,-908.203125
1713493259348.250,2,38.57421875,20.5078125,-56.640625,-110.83984375,-77.63671875,3.41796875,33.69140625,-29.296875,-123.53515625,-97.16796875,26.3671875,64.94140625
1713493259348.250,0,288.0859375,384.27734375,19.53125,-308.10546875,-118.1640625,288.57421875,361.328125,62.98828125,-257.8125,-206.54296875,167.96875,382.32421875
1713493259348.250,1,-474.12109375,-476.07421875,-484.86328125,-481.93359375,-472.65625,-457.03125,-442.3828125,-455.078125,-470.21484375,-457.51953125,-430.17578125,-430.6640625
1713493259348.250,4,112.3046875,364.74609375,154.78515625,-276.85546875,-188.4765625,277.83203125,433.10546875,205.56640625,-95.21484375,-198.2421875,45.41015625,272.4609375
1713493259395.125,3,416.9921875,-861.328125,-817.3828125,411.1328125,-900.87890625,520.5078125,-747.55859375,-935.05859375,271.97265625,-900.87890625,597.16796875,-602.05078125
1713493259395.125,2,-35.15625,-132.32421875,-83.984375,17.578125,48.828125,-11.71875,-91.30859375,-81.54296875,-20.5078125,41.9921875,35.64453125,-73.2421875
1713493259395.125,0,186.5234375,-211.42578125,-285.64453125,124.0234375,395.99609375,167.48046875,-233.3984375,-290.52734375,83.984375,352.5390625,179.19921875,-171.875
1713493259395.125,1,-469.23828125,-477.5390625,-439.453125,-420.41015625,-416.50390625,-436.5234375,-446.2890625,-436.5234375,-438.4765625,-421.38671875,-420.8984375,-450.68359375
1713493259395.125,4,334.47265625,151.3671875,-279.296875,-89.84375,298.33984375,325.68359375,10.7421875,-240.234375,120.1171875,389.6484375,189.453125,-58.10546875
1713493259442.000,3,-1000,-7.8125,-944.3359375,739.74609375,-425.29296875,-1000,-157.2265625,-995.1171875,816.40625,-311.5234375,-1000,-291.50390625
1713493259442.000,2,-116.2109375,-13.18359375,83.984375,31.25,-77.1484375,-104.00390625,-26.3671875,46.38671875,29.296875,-47.36328125,-89.35546875,-53.7109375
1713493259442.000,0,-291.50390625,-60.546875,286.1328125,244.62890625,-152.83203125,-335.9375,-74.21875,320.3125,292.96875,-136.23046875,-360.83984375,-82.51953125
1713493259442.000,1,-452.1484375,-420.8984375,-411.1328125,-436.5234375,-459.47265625,-458.984375,-439.453125,-432.6171875,-424.31640625,-427.24609375,-445.3125,-447.265625
1713493259442.000,4,-158.69140625,-63.96484375,157.71484375,260.25390625,-39.0625,-283.69140625,-109.375,353.515625,407.2265625,-62.98828125,-384.27734375,-100.5859375
1713493259488.875,3,929.6875,928.22265625,-140.13671875,-1000,-462.890625,775.390625,-967.7734375,87.40234375,-1000,-648.4375,583.49609375,-916.015625
1713493259488.875,2,17.578125,57.6171875,-30.2734375,-103.515625,-42.48046875,55.6640625,67.87109375,-45.8984375,-119.140625,-50.78125,26.85546875,41.50390625
1713493259488.875,0,293.45703125,272.4609375,-50.78125,-324.70703125,-173.828125,252.9296875,367.1875,15.13671875,-365.72265625,-270.99609375,166.9921875,323.2421875
1713493259488.875,1,-429.6875,-416.015625,-467.28515625,-491.69921875,-486.81640625,-473.14453125,-441.40625,-469.7265625,-486.81640625,-468.26171875,-467.28515625,-468.75
1713493259488.875,4,362.79296875,227.5390625,-36.62109375,-287.109375,-319.3359375,41.50390625,268.06640625,273.92578125,-33.69140625,-326.171875,22.94921875,345.21484375
1713493259535.750,3,250,-986.328125,-748.53515625,462.40234375,-898.4375,453.61328125,-826.66015625,-905.76171875,294.43359375,-911.62109375,629.8828125,-563.4765625
1713493259535.750,2,-12.6953125,-86.9140625,-87.40234375,2.9296875,54.19921875,-15.625,-123.53515625,-125.48828125,-13.18359375,49.8046875,-28.3203125,-134.27734375
1713493259535.750,0,8.30078125,-338.8671875,-255.37109375,95.703125,292.96875,116.69921875,-263.18359375,-326.66015625,21.97265625,319.3359375,212.890625,-179.19921875
1713493259535.750,1,-474.12109375,-482.91015625,-481.93359375,-455.56640625,-461.42578125,-494.140625,-508.7890625,-490.234375,-443.84765625,-425.78125,-466.30859375,-490.72265625
1713493259535.750,4,102.05078125,-319.3359375,-336.42578125,27.34375,199.70703125,161.62109375,16.11328125,-192.87109375,-136.23046875,139.6484375,335.9375,150.390625
1713493259582.625,3,-954.1015625,174.31640625,-920.41015625,698.2421875,-467.28515625,-1000,43.9453125,-946.77734375,814.453125,-290.0390625,-1000,-168.45703125
1713493259582.625,2,-110.83984375,-29.78515625,28.80859375,7.8125,-79.58984375,-125.48828125,-49.8046875,48.33984375,30.2734375,-81.0546875,-129.8828125,-45.8984375
1713493259582.625,0,-350.5859375,-56.15234375,273.4375,150.87890625,-225.5859375,-329.58984375,-58.59375,282.2265625,226.07421875,-119.62890625,-326.66015625,-131.8359375
1713493259582.625,1,-472.65625,-459.9609375,-462.890625,-475.09765625,-482.91015625,-491.69921875,-479.4921875,-453.125,-443.359375,-476.07421875,-483.3984375,-448.73046875
1713493259582.625,4,-333.49609375,-161.1328125,247.55859375,219.23828125,-142.578125,-285.64453125,-46.38671875,141.6015625,144.53125,-63.96484375,-270.99609375,-216.796875
1713493259629.500,3,977.5390625,932.6171875,-87.890625,-1000,-405.2734375,847.16796875,995.60546875,-21.97265625,-1000,-518.06640625,733.88671875,-935.05859375
1713493259629.500,2,51.7578125,37.109375,-88.8671875,-129.39453125,-42.96875,30.2734375,25.87890625,-28.3203125,-84.9609375,-80.078125,-2.9296875,64.453125
1713493259629.500,0,235.3515625,305.6640625,-11.23046875,-355.95703125,-190.91796875,253.41796875,334.9609375,-55.17578125,-368.65234375,-179.6875,211.9140625,282.2265625
1713493259629.500,1,-440.91796875,-451.66015625,-469.23828125,-454.1015625,-428.22265625,-422.8515625,-425.29296875,-424.31640625,-434.5703125,-434.5703125,-403.80859375,-374.51171875
1713493259629.500,4,88.37890625,318.84765625,280.2734375,-133.30078125,-281.25,216.796875,487.3046875,104.00390625,-321.2890625,-205.078125,282.2265625,324.70703125
1713493259676.375,3,176.26953125,-1000,-711.42578125,499.51171875,-898.92578125,415.0390625,-870.60546875,-843.75,364.74609375,-901.85546875,525.87890625,-745.60546875
1713493259676.375,2,-2.44140625,-119.140625,-87.40234375,33.203125,62.01171875,-27.83203125,-116.69921875,-92.7734375,8.7890625,55.17578125,3.41796875,-76.66015625
1713493259676.375,0,41.50390625,-285.64453125,-286.1328125,85.9375,341.796875,143.5546875,-243.1640625,-284.66796875,83.0078125,335.9375,136.71875,-231.4453125
1713493259676.375,1,-409.1796875,-430.6640625,-407.2265625,-378.41796875,-366.69921875,-377.44140625,-373.046875,-352.5390625,-315.91796875,-304.6875,-319.82421875,-323.73046875
1713493259676.375,4,97.16796875,-139.6484375,-238.76953125,-31.73828125,281.25,280.2734375,-68.359375,-270.5078125,-41.015625,324.21875,243.1640625,-163.57421875
1713493259723.250,3,-928.7109375,287.109375,-912.59765625,656.25,-532.2265625,-1000,35.64453125,-952.1484375,802.734375,-325.1953125,-1000,-139.6484375
1713493259723.250,2,-92.28515625,-27.83203125,57.12890625,38.0859375,-82.03125,-116.69921875,-17.08984375,72.265625,23.4375,-94.7265625,-103.02734375,-17.08984375
1713493259723.250,0,-279.296875,61.5234375,280.2734375,155.76171875,-168.45703125,-319.82421875,-52.734375,276.3671875,268.06640625,-88.37890625,-355.95703125,-93.75
1713493259723.250,1,-320.80078125,-290.52734375,-242.67578125,-241.69921875,-277.34375,-271.484375,-228.515625,-194.3359375,-207.51953125,-223.14453125,-194.3359375,-178.22265625
1713493259723.250,4,-333.984375,88.8671875,337.40234375,179.6875,47.36328125,-55.6640625,59.08203125,229.4921875,353.515625,244.140625,-291.50390625,-304.19921875
1713493259770.125,3,-995.1171875,859.86328125,-235.83984375,-1000,-312.5,910.15625,966.796875,-79.58984375,-1000,-553.22265625,671.875,-946.77734375
1713493259770.125,2,45.8984375,32.2265625,-41.50390625,-104.00390625,-52.24609375,47.8515625,37.109375,-54.19921875,-110.83984375,-65.91796875,38.57421875,53.7109375
1713493259770.125,0,308.10546875,285.15625,-84.9609375,-292.96875,-96.6796875,279.78515625,317.87109375,-19.53125,-291.015625,-184.08203125,196.77734375,350.09765625
1713493259770.125,1,-162.59765625,-163.57421875,-181.15234375,-195.80078125,-194.82421875,-189.453125,-195.3125,-211.42578125,-202.63671875,-164.55078125,-133.7890625,-139.6484375
1713493259770.125,4,191.89453125,370.1171875,68.359375,-268.5546875,-186.5234375,187.98828125,365.72265625,162.59765625,-160.64453125,-209.47265625,32.2265625,230.95703125
1713493259817.000,3,105.46875,-1000,-707.51953125,500.9765625,-908.203125,209.9609375,-1000,-801.7578125,385.7421875,-892.578125,369.140625,-858.3984375
1713493259817.000,2,-71.2890625,-132.32421875,-51.26953125,27.83203125,51.7578125,-19.04296875,-106.4453125,-102.5390625,-19.04296875,60.546875,8.30078125,-107.421875
1713493259817.000,0,94.7265625,-292.96875,-257.8125,183.10546875,366.69921875,99.609375,-251.953125,-199.21875,151.85546875,310.05859375,132.8125,-209.47265625
1713493259817.000,1,-175.29296875,-155.2734375,-128.41796875,-132.32421875,-131.34765625,-153.3203125,-172.8515625,-176.26953125,-158.69140625,-135.7421875,-165.0390625,-190.91796875
1713493259817.000,4,403.80859375,120.1171875,-271.97265625,62.98828125,338.8671875,205.078125,-126.46484375,-181.15234375,142.08984375,226.07421875,128.90625,-61.03515625
1713493259863.875,3,-971.6796875,149.90234375,-892.578125,522.4609375,-724.609375,-1000,12.6953125,-921.875,622.0703125,-580.56640625,-1000,-190.91796875
1713493259863.875,2,-103.02734375,2.9296875,56.640625,-1.46484375,-91.30859375,-105.46875,-27.34375,48.33984375,27.34375,-76.171875,-117.67578125,-70.3125
1713493259863.875,0,-286.62109375,56.640625,362.3046875,199.21875,-196.2890625,-283.203125,34.1796875,330.078125,223.6328125,-153.3203125,-297.36328125,12.20703125
1713493259863.875,1,-177.734375,-158.69140625,-150.87890625,-160.64453125,-178.22265625,-177.24609375,-151.3671875,-133.7890625,-140.625,-175.78125,-187.01171875,-179.19921875
1713493259863.875,4,-190.91796875,-82.03125,166.015625,298.33984375,-49.31640625,-351.5625,-17.578125,372.0703125,349.12109375,10.7421875,-310.05859375,35.15625
1713493259910.750,3,-995.1171875,732.421875,-444.82421875,-1000,-423.828125,816.89453125,880.37109375,-242.1875,-1000,-578.125,670.41015625,993.1640625
1713493259910.750,2,22.94921875,48.33984375,-71.77734375,-130.859375,-50.29296875,35.64453125,20.01953125,-91.796875,-115.72265625,-33.69140625,33.69140625,46.38671875
1713493259910.750,0,297.36328125,225.5859375,-73.2421875,-287.109375,-95.703125,261.23046875,312.5,-13.18359375,-359.86328125,-177.24609375,238.28125,295.8984375
1713493259910.750,1,-157.2265625,-154.296875,-201.66015625,-209.47265625,-190.91796875,-184.08203125,-201.171875,-239.74609375,-236.328125,-222.16796875,-219.7265625,-223.14453125
1713493259910.750,4,363.28125,179.6875,11.23046875,-231.4453125,-218.26171875,168.45703125,440.4296875,369.140625,-210.9375,-406.73828125,67.3828125,302.24609375
1713493259957.625,3,-116.69921875,-1000,-673.828125,536.1328125,-970.703125,48.33984375,-1000,-795.41015625,372.0703125,-891.11328125,337.40234375,-903.80859375
1713493259957.625,2,-21.97265625,-98.6328125,-70.3125,40.52734375,75.68359375,-17.08984375,-114.2578125,-75.1953125,42.96875,77.63671875,-22.4609375,-108.3984375
1713493259957.625,0,-25.87890625,-304.6875,-191.89453125,168.45703125,311.5234375,64.94140625,-261.23046875,-259.765625,111.328125,327.1484375,135.25390625,-262.6953125
1713493259957.625,1,-244.62890625,-271.484375,-275.390625,-259.27734375,-265.625,-305.6640625,-319.82421875,-318.359375,-325.1953125,-330.078125,-360.83984375,-359.375
1713493259957.625,4,33.203125,-329.1015625,-308.59375,47.36328125,206.54296875,110.83984375,-23.92578125,-198.73046875,-92.7734375,199.70703125,370.1171875,30.2734375
1713493260004.500,3,-925.29296875,220.21484375,-887.6953125,447.265625,-803.22265625,-996.58203125,96.6796875,-916.015625,575.68359375,-628.90625,-1000,-151.3671875
1713493260004.500,2,-60.05859375,15.13671875,61.5234375,25.87890625,-68.359375,-104.4921875,-25.87890625,80.078125,48.33984375,-82.51953125,-110.3515625,-8.7890625
1713493260004.500,0,-324.21875,76.171875,324.21875,125.9765625,-234.375,-273.4375,27.83203125,246.09375,149.4140625,-177.24609375,-334.47265625,-78.61328125
1713493260004.500,1,-328.61328125,-328.125,-324.70703125,-332.51953125,-358.88671875,-374.51171875,-351.07421875,-340.33203125,-374.51171875,-411.62109375,-411.1328125,-381.34765625
1713493260004.500,4,-465.8203125,-156.73828125,292.96875,210.44921875,-159.1796875,-187.01171875,84.9609375,213.8671875,168.9453125,25.390625,-184.08203125,-164.0625
1713493260051.375,3,-977.05078125,727.5390625,-464.35546875,-1000,-331.0546875,916.015625,832.51953125,-339.84375,-1000,-458.0078125,766.6015625,947.75390625
1713493260051.375,2,68.84765625,28.3203125,-69.3359375,-95.21484375,-28.80859375,47.36328125,30.76171875,-44.921875,-95.21484375,-72.265625,35.64453125,70.3125
1713493260051.375,0,259.765625,220.703125,-159.1796875,-367.1875,-112.3046875,260.25390625,252.44140625,-119.62890625,-331.54296875,-125.9765625,185.546875,256.34765625
1713493260051.375,1,-363.28125,-371.58203125,-388.671875,-394.53125,-395.99609375,-386.23046875,-383.7890625,-396.97265625,-414.0625,-415.0390625,-387.6953125,-380.859375
1713493260051.375,4,188.96484375,352.5390625,88.8671875,-309.5703125,-235.83984375,195.3125,316.89453125,-44.43359375,-347.65625,-134.27734375,199.70703125,237.3046875
1713493260098.250,3,-162.59765625,-1000,-614.2578125,582.03125,-925.78125,78.125,-1000,-736.328125,456.0546875,-909.66796875,211.9140625,-982.421875
1713493260098.250,2,-37.109375,-105.95703125,-61.03515625,39.0625,56.15234375,-38.0859375,-105.95703125,-56.15234375,38.57421875,56.15234375,9.27734375,-72.265625
1713493260098.250,0,-23.92578125,-309.08203125,-190.4296875,160.64453125,329.1015625,72.75390625,-294.43359375,-249.51171875,180.17578125,358.3984375,41.50390625,-230.46875
1713493260098.250,1,-401.85546875,-406.25,-390.625,-374.0234375,-392.08984375,-417.96875,-421.875,-416.50390625,-398.4375,-375,-368.1640625,-393.5546875
1713493260098.250,4,100.5859375,-179.19921875,-235.83984375,45.8984375,383.30078125,405.2734375,-100.5859375,-348.14453125,82.03125,452.63671875,192.3828125,-143.06640625
1713493260145.125,3,-841.30859375,314.94140625,-891.6015625,437.98828125,-817.3828125,-962.40234375,183.59375,-899.4140625,580.56640625,-650.87890625,-1000,-4.39453125
1713493260145.125,2,-67.87109375,32.2265625,95.703125,30.76171875,-76.66015625,-80.078125,18.5546875,75.68359375,18.06640625,-58.10546875,-63.96484375,14.16015625
1713493260145.125,0,-190.4296875,86.9140625,299.31640625,145.99609375,-194.82421875,-246.09375,80.56640625,371.09375,240.234375,-154.78515625,-255.37109375,77.1484375
1713493260145.125,1,-381.34765625,-359.86328125,-373.046875,-406.73828125,-428.7109375,-430.17578125,-419.921875,-404.296875,-415.52734375,-431.15234375,-425.78125,-406.25
1713493260145.125,4,-266.11328125,-56.15234375,189.94140625,141.6015625,-97.16796875,-289.55078125,-33.203125,316.40625,303.7109375,-60.546875,-371.58203125,-210.44921875
1713493260192.000,3,-933.59375,664.0625,-515.13671875,-1000,-226.07421875,969.7265625,776.85546875,-391.6015625,-1000,-505.859375,773.4375,898.4375
1713493260192.000,2,56.640625,42.48046875,-21.97265625,-75.68359375,6.34765625,96.19140625,72.265625,-31.73828125,-108.3984375,-10.7421875,112.3046875,85.9375
1713493260192.000,0,434.08203125,316.89453125,-79.1015625,-213.8671875,34.66796875,379.39453125,363.76953125,43.9453125,-173.33984375,-60.05859375,312.5,394.04296875
1713493260192.000,1,-413.57421875,-410.64453125,-410.15625,-423.33984375,-411.62109375,-401.85546875,-390.625,-407.71484375,-431.15234375,-392.578125,-361.81640625,-360.83984375
1713493260192.000,4,391.11328125,487.3046875,-82.51953125,-340.33203125,-188.96484375,190.4296875,320.80078125,117.67578125,48.33984375,-119.62890625,-62.01171875,197.265625
1713493260238.875,3,-281.73828125,-1000,-580.078125,648.4375,-980.95703125,-47.8515625,-1000,-659.1796875,530.76171875,-930.6640625,130.37109375,-1000
1713493260238.875,2,-10.7421875,-60.546875,-10.7421875,70.3125,91.796875,11.23046875,-61.03515625,-44.921875,61.5234375,132.8125,43.45703125,-56.640625
1713493260238.875,0,30.76171875,-258.30078125,-84.47265625,291.50390625,376.953125,93.75,-216.796875,-101.07421875,239.74609375,355.95703125,147.4609375,-198.73046875
1713493260238.875,1,-371.09375,-375.9765625,-354.00390625,-327.1484375,-330.56640625,-356.93359375,-364.74609375,-351.5625,-312.98828125,-295.8984375,-324.21875,-330.56640625
1713493260238.875,4,-18.06640625,-360.83984375,-333.0078125,85.9375,288.0859375,62.5,-209.9609375,-74.70703125,206.0546875,209.9609375,152.83203125,-88.8671875
1713493260285.750,3,-811.5234375,347.16796875,-873.046875,323.2421875,-916.50390625,-904.296875,209.47265625,-888.671875,444.82421875,-785.15625,-1000,26.3671875
1713493260285.750,2,-30.76171875,73.2421875,104.4921875,33.69140625,-38.0859375,-40.0390625,42.96875,87.890625,64.94140625,-11.71875,-56.15234375,33.203125
1713493260285.750,0,-212.890625,161.62109375,420.41015625,195.3125,-197.265625,-213.37890625,145.01953125,408.69140625,168.45703125,-197.265625,-233.88671875,67.3828125
1713493260285.750,1,-294.43359375,-264.6484375,-283.69140625,-297.8515625,-297.8515625,-299.31640625,-279.296875,-270.5078125,-259.27734375,-266.11328125,-274.4140625,-246.58203125
1713493260285.750,4,-274.4140625,-57.12890625,289.0625,291.9921875,-102.5390625,-304.19921875,48.33984375,554.6875,366.69921875,-135.7421875,-240.234375,-102.5390625
1713493260332.625,3,-926.7578125,602.05078125,-606.93359375,-1000,-175.29296875,-996.09375,755.859375,-427.734375,-1000,-347.65625,901.85546875,853.515625
1713493260332.625,2,120.1171875,70.3125,-50.29296875,-67.87109375,25.87890625,97.16796875,47.36328125,-43.45703125,-47.36328125,8.30078125,88.37890625,85.44921875
1713493260332.625,0,354.00390625,283.203125,-76.66015625,-269.04296875,7.32421875,366.2109375,340.8203125,-75.68359375,-333.984375,-57.12890625,314.453125,307.12890625
1713493260332.625,1,-225.5859375,-240.72265625,-253.41796875,-234.375,-214.35546875,-214.84375,-237.3046875,-242.1875,-227.5390625,-220.703125,-205.078125,-206.54296875
1713493260332.625,4,86.9140625,179.19921875,15.625,-275.390625,-226.07421875,119.62890625,488.28125,259.27734375,-280.76171875,-171.875,180.17578125,256.34765625
1713493260379.500,3,-302.734375,-1000,-525.390625,714.35546875,994.62890625,-96.6796875,-1000,-663.57421875,544.921875,-937.01171875,54.6875,-1000
1713493260379.500,2,-16.6015625,-86.42578125,-28.80859375,83.984375,87.40234375,-19.53125,-106.4453125,-40.0390625,83.49609375,81.54296875,3.41796875,-54.6875
1713493260379.500,0,-41.9921875,-272.94921875,-99.12109375,256.34765625,347.16796875,59.5703125,-248.046875,-214.35546875,168.9453125,366.69921875,75.1953125,-283.69140625
1713493260379.500,1,-226.5625,-229.98046875,-208.984375,-185.546875,-186.5234375,-217.7734375,-231.4453125,-193.359375,-166.015625,-176.26953125,-190.4296875,-185.546875
1713493260379.500,4,-57.12890625,-363.76953125,-295.41015625,37.59765625,207.03125,198.2421875,106.4453125,-215.8203125,-114.2578125,317.87109375,156.73828125,-335.9375
1713493260426.375,3,-751.46484375,426.26953125,-895.99609375,288.57421875,-945.80078125,-848.6328125,318.84765625,-895.99609375,468.75,-765.13671875,-1000,121.58203125
1713493260426.375,2,-29.296875,55.17578125,89.35546875,37.109375,-50.29296875,-63.4765625,36.1328125,107.91015625,48.828125,-73.2421875,-77.1484375,51.26953125
1713493260426.375,0,-219.7265625,179.6875,355.95703125,90.33203125,-243.1640625,-229.00390625,83.984375,308.10546875,130.859375,-187.98828125,-291.9921875,-25.390625
1713493260426.375,1,-166.50390625,-150.87890625,-152.34375,-181.640625,-201.171875,-194.3359375,-183.59375,-180.17578125,-192.87109375,-223.14453125,-209.47265625,-166.50390625
1713493260426.375,4,-391.11328125,67.87109375,318.84765625,72.75390625,-273.92578125,-232.421875,41.015625,248.046875,175.78125,90.33203125,-5.37109375,-172.36328125
1713493260473.250,3,-908.69140625,602.05078125,-608.3984375,-1000,17.08984375,-937.98828125,739.74609375,-425.29296875,-1000,-142.08984375,979.4921875,848.14453125
1713493260473.250,2,101.5625,46.875,-40.52734375,-58.59375,19.04296875,98.6328125,74.21875,-22.94921875,-75.68359375,-5.859375,100.5859375,90.33203125
1713493260473.250,0,318.359375,194.3359375,-204.58984375,-323.73046875,-15.13671875,312.5,231.93359375,-162.109375,-311.03515625,-51.7578125,269.04296875,259.765625
1713493260473.250,1,-166.015625,-178.7109375,-175.78125,-165.52734375,-156.73828125,-141.11328125,-141.6015625,-160.64453125,-175.29296875,-158.69140625,-147.4609375,-160.15625
1713493260473.250,4,97.16796875,199.70703125,-106.4453125,-373.046875,-160.64453125,308.10546875,417.48046875,6.34765625,-215.8203125,-20.99609375,169.921875,221.6796875
1713493260520.125,3,-254.39453125,-1000,-390.13671875,852.05078125,947.265625,-123.046875,-1000,-529.296875,714.84375,-962.890625,43.45703125,-1000
1713493260520.125,2,-30.76171875,-99.609375,1.953125,104.98046875,90.8203125,-0.48828125,-67.87109375,-20.5078125,54.19921875,79.58984375,25.87890625,-64.94140625
1713493260520.125,0,-48.828125,-306.640625,-183.59375,242.1875,327.63671875,-23.92578125,-312.98828125,-175.78125,238.76953125,325.68359375,-6.34765625,-294.43359375
1713493260520.125,1,-195.80078125,-208.984375,-177.734375,-159.1796875,-167.96875,-208.984375,-230.95703125,-212.890625,-213.37890625,-209.47265625,-220.703125,-266.11328125
1713493260520.125,4,185.546875,24.90234375,-221.6796875,1.46484375,265.13671875,128.90625,-243.1640625,-312.98828125,221.19140625,457.51953125,68.84765625,-243.1640625
1713493260567.000,3,-678.22265625,539.55078125,-914.55078125,263.18359375,-950.1953125,-816.40625,378.41796875,-890.625,366.2109375,-875.9765625,-930.6640625,228.515625
1713493260567.000,2,-34.66796875,70.3125,109.375,27.34375,-64.453125,-35.64453125,66.89453125,101.07421875,42.96875,-33.203125,-29.78515625,42.96875
1713493260567.000,0,-204.1015625,168.45703125,329.1015625,104.4921875,-233.3984375,-246.09375,125.48828125,372.55859375,140.13671875,-260.7421875,-288.0859375,111.81640625
1713493260567.000,1,-255.859375,-224.609375,-229.4921875,-270.01953125,-297.8515625,-292.96875,-295.41015625,-315.91796875,-341.796875,-386.71875,-402.83203125,-397.4609375
1713493260567.000,4,-237.79296875,61.03515625,162.109375,94.7265625,-150.87890625,-367.67578125,-58.10546875,275.87890625,146.97265625,-235.83984375,-435.05859375,-67.3828125
1713493260613.875,3,-892.08984375,517.08984375,-716.796875,-1000,56.15234375,-926.7578125,684.08203125,-481.4453125,-1000,-194.3359375,-997.55859375,752.9296875
1713493260613.875,2,96.19140625,86.42578125,-15.13671875,-49.8046875,44.43359375,117.1875,77.63671875,-52.24609375,-88.8671875,42.96875,124.51171875,85.9375
1713493260613.875,0,364.2578125,150.390625,-198.73046875,-291.9921875,7.32421875,335.9375,238.76953125,-119.140625,-313.96484375,-110.83984375,298.828125,291.9921875
1713493260613.875,1,-395.01953125,-405.76171875,-449.21875,-454.1015625,-431.640625,-425.78125,-439.453125,-477.05078125,-457.51953125,-386.23046875,-376.953125,-396.97265625
1713493260613.875,4,430.6640625,219.23828125,-236.81640625,-363.76953125,-118.65234375,194.82421875,218.75,107.91015625,-51.26953125,-229.98046875,67.87109375,268.5546875
1713493260660.750,3,-412.109375,-1000,-312.98828125,917.48046875,896.484375,-215.8203125,-1000,-500.48828125,727.05078125,-991.2109375,-11.23046875,-1000
1713493260660.750,2,-9.27734375,-58.59375,-1.953125,88.8671875,92.28515625,-7.8125,-81.54296875,-21.97265625,104.98046875,127.44140625,3.41796875,-100.09765625
1713493260660.750,0,-123.53515625,-350.5859375,-96.6796875,280.2734375,291.9921875,-48.828125,-292.96875,-129.39453125,229.4921875,334.47265625,62.98828125,-274.4140625
1713493260660.750,1,-411.1328125,-418.9453125,-414.0625,-394.04296875,-391.11328125,-419.921875,-426.7578125,-390.625,-357.91015625,-371.58203125,-412.59765625,-404.78515625
1713493260660.750,4,-78.61328125,-405.76171875,-238.76953125,104.4921875,192.87109375,-17.578125,-190.91796875,-95.21484375,38.0859375,171.875,205.078125,47.36328125
1713493260707.625,3,-642.08984375,588.8671875,-939.94140625,126.46484375,-1000,-738.76953125,463.37890625,-896.97265625,336.42578125,-902.83203125,-894.53125,274.4140625
1713493260707.625,2,-12.6953125,110.3515625,104.98046875,23.92578125,-39.55078125,-14.16015625,54.6875,103.515625,76.171875,-33.203125,-40.52734375,69.3359375
1713493260707.625,0,-246.09375,208.0078125,393.5546875,87.890625,-247.55859375,-181.15234375,239.2578125,414.0625,130.859375,-199.21875,-221.19140625,101.07421875
1713493260707.625,1,-349.12109375,-322.265625,-322.265625,-334.9609375,-339.84375,-313.4765625,-282.71484375,-260.7421875,-250.48828125,-270.01953125,-258.30078125,-214.35546875
1713493260707.625,4,-226.07421875,-36.62109375,275.87890625,80.078125,-287.59765625,-303.22265625,199.70703125,375,-43.45703125,-226.07421875,-191.89453125,-96.6796875
1713493260754.500,3,-898.4375,525.87890625,-714.84375,-1000,116.2109375,-905.2734375,598.6328125,-616.2109375,-1000,-50.29296875,-945.3125,723.6328125
1713493260754.500,2,134.765625,69.3359375,-34.1796875,-34.1796875,54.6875,101.5625,48.33984375,-19.04296875,-30.2734375,24.90234375,103.02734375,101.07421875
1713493260754.500,0,374.51171875,234.86328125,-167.96875,-290.52734375,42.96875,384.27734375,262.20703125,-193.359375,-329.58984375,16.11328125,335.9375,243.1640625
1713493260754.500,1,-187.5,-194.82421875,-200.68359375,-171.38671875,-136.71875,-127.9296875,-121.09375,-101.5625,-93.75,-81.54296875,-59.08203125,-58.59375
1713493260754.500,4,112.3046875,145.99609375,-129.8828125,-350.5859375,-164.0625,271.484375,379.39453125,-86.9140625,-433.10546875,-173.828125,209.47265625,153.3203125
1713493260801.375,3,-430.17578125,-1000,-312.98828125,920.8984375,857.91015625,-279.296875,-1000,-438.4765625,815.4296875,965.33203125,-142.578125,-1000
1713493260801.375,2,-14.16015625,-76.66015625,11.23046875,115.234375,96.19140625,-20.99609375,-78.125,1.46484375,102.5390625,72.265625,-4.39453125,-37.109375
1713493260801.375,0,-121.09375,-314.453125,-85.44921875,269.53125,306.640625,-48.33984375,-321.77734375,-147.94921875,251.46484375,354.4921875,-27.34375,-335.9375
1713493260801.375,1,-83.984375,-72.75390625,-38.0859375,-17.08984375,-20.99609375,-41.015625,-47.8515625,-38.57421875,-23.4375,-28.3203125,-45.41015625,-55.6640625
1713493260801.375,4,-53.22265625,-214.84375,-194.3359375,28.80859375,156.25,1.46484375,-224.609375,-289.55078125,23.92578125,423.33984375,167.48046875,-326.171875
1713493260848.250,3,-561.03515625,665.52734375,-940.4296875,88.37890625,-1000,-733.3984375,462.40234375,-909.1796875,280.2734375,-934.08203125,-855.46875,319.3359375
1713493260848.250,2,-13.18359375,76.66015625,110.3515625,32.71484375,-62.5,-41.015625,71.2890625,124.51171875,35.64453125,-78.125,-29.296875,83.0078125
1713493260848.250,0,-152.34375,242.1875,363.76953125,72.265625,-247.55859375,-183.59375,167.96875,350.09765625,142.578125,-215.33203125,-275.390625,121.09375
1713493260848.250,1,-42.48046875,-21.484375,-18.5546875,-36.1328125,-51.26953125,-40.0390625,-16.6015625,-1.953125,-25.390625,-44.921875,-6.34765625,5.859375
1713493260848.250,4,-280.2734375,19.53125,202.1484375,110.3515625,-74.21875,-62.98828125,109.375,259.27734375,283.203125,73.2421875,-309.08203125,-122.0703125
1713493260895.125,3,-889.6484375,422.8515625,-825.68359375,-966.30859375,207.51953125,-964.35546875,458.984375,-645.5078125,-1000,-9.765625,-957.03125,691.40625
1713493260895.125,2,116.69921875,50.29296875,-40.0390625,-44.921875,41.50390625,101.5625,56.640625,-31.25,-78.61328125,0.9765625,116.2109375,74.21875
1713493260895.125,0,399.4140625,175.78125,-208.984375,-247.55859375,106.93359375,380.37109375,218.26171875,-180.17578125,-281.25,6.34765625,283.203125,242.67578125
1713493260895.125,1,3.90625,6.34765625,15.625,40.52734375,56.15234375,64.453125,68.359375,62.98828125,44.921875,76.66015625,122.0703125,104.00390625
1713493260895.125,4,278.80859375,212.40234375,-168.9453125,-332.51953125,-110.83984375,179.19921875,161.1328125,-124.0234375,-100.5859375,101.5625,99.12109375,216.30859375
1713493260942.000,3,-483.3984375,-1000,-207.51953125,981.93359375,792.48046875,-353.02734375,-1000,-369.62890625,891.11328125,895.01953125,-227.05078125,-1000
1713493260942.000,2,-36.1328125,-67.3828125,13.18359375,90.8203125,64.453125,-30.2734375,-80.56640625,-27.34375,51.26953125,83.49609375,8.30078125,-91.796875
1713493260942.000,0,-139.6484375,-334.47265625,-47.8515625,330.078125,312.5,-69.82421875,-323.2421875,-72.265625,321.77734375,296.875,-27.34375,-254.39453125
1713493260942.000,1,88.37890625,98.14453125,117.1875,125.48828125,119.140625,111.81640625,116.69921875,132.32421875,156.73828125,191.89453125,179.19921875,159.1796875
1713493260942.000,4,37.109375,-331.0546875,-282.71484375,109.375,220.703125,-100.5859375,-272.4609375,-84.47265625,331.54296875,365.234375,39.55078125,-203.125
1713493260988.875,3,-563.4765625,671.875,-977.05078125,-24.4140625,-1000,-656.25,550.29296875,-912.59765625,160.15625,-1000,-771.97265625,418.45703125
1713493260988.875,2,-39.0625,88.37890625,89.35546875,-4.39453125,-70.80078125,-41.50390625,57.6171875,80.078125,7.8125,-50.78125,-45.41015625,33.203125
1713493260988.875,0,-121.58203125,250.9765625,374.51171875,53.22265625,-284.66796875,-169.43359375,216.30859375,398.4375,95.21484375,-287.109375,-208.0078125,160.15625
1713493260988.875,1,185.546875,213.8671875,206.54296875,187.5,174.8046875,174.31640625,207.51953125,220.703125,210.9375,213.8671875,212.40234375,221.6796875
1713493260988.875,4,-227.5390625,-40.52734375,142.08984375,30.76171875,-307.6171875,-352.5390625,15.625,427.24609375,298.33984375,-233.88671875,-358.3984375,-7.8125
1713493261035.750,3,-893.5546875,331.54296875,-895.5078125,-931.640625,210.9375,-900.87890625,512.6953125,-705.078125,-1000,39.55078125,-918.9453125,621.09375
1713493261035.750,2,91.796875,39.55078125,-67.87109375,-74.70703125,36.1328125,93.26171875,20.5078125,-97.65625,-75.68359375,42.96875,95.703125,51.26953125
1713493261035.750,0,333.0078125,97.65625,-242.67578125,-276.3671875,45.41015625,323.73046875,167.96875,-226.07421875,-358.3984375,6.8359375,340.33203125,213.37890625
1713493261035.750,1,245.60546875,242.67578125,205.56640625,201.66015625,240.72265625,250.48828125,213.8671875,197.265625,234.86328125,260.25390625,274.4140625,266.11328125
1713493261035.750,4,273.4375,103.515625,-152.34375,-245.60546875,-84.9609375,287.109375,390.13671875,94.7265625,-307.12890625,-204.1015625,157.2265625,172.8515625
1713493261082.625,3,-583.0078125,-1000,-96.6796875,-976.5625,753.41796875,-394.53125,-1000,-329.1015625,902.34375,888.671875,-214.35546875,-1000
1713493261082.625,2,-39.55078125,-66.89453125,1.953125,89.84375,78.61328125,-34.66796875,-92.7734375,-2.44140625,102.5390625,87.40234375,-40.0390625,-96.6796875
1713493261082.625,0,-183.10546875,-315.4296875,-18.06640625,286.1328125,247.55859375,-104.00390625,-330.078125,-116.69921875,256.8359375,303.22265625,-13.18359375,-327.63671875
1713493261082.625,1,248.53515625,244.140625,258.7890625,287.109375,281.73828125,243.65234375,239.74609375,278.80859375,298.33984375,293.45703125,248.53515625,252.44140625
1713493261082.625,4,-147.94921875,-370.60546875,-113.28125,167.96875,148.4375,22.4609375,-171.875,-177.24609375,92.28515625,225.5859375,251.953125,-35.15625
1713493261129.500,3,-488.76953125,761.23046875,980.46875,-92.28515625,-1000,-548.828125,693.359375,-946.77734375,84.47265625,-1000,-758.7890625,414.55078125
1713493261129.500,2,6.34765625,86.42578125,76.66015625,-1.953125,-70.80078125,-42.96875,49.31640625,84.9609375,19.53125,-83.0078125,-70.80078125,73.2421875
1713493261129.500,0,-185.05859375,258.30078125,337.40234375,-10.7421875,-317.3828125,-154.296875,243.1640625,333.0078125,24.90234375,-260.7421875,-200.1953125,116.2109375
1713493261129.500,1,297.36328125,294.43359375,288.57421875,280.76171875,270.99609375,280.2734375,307.6171875,327.63671875,319.82421875,290.52734375,305.6640625,358.3984375
1713493261129.500,4,-277.34375,99.609375,322.75390625,78.125,-278.3203125,-185.05859375,268.06640625,368.65234375,121.58203125,-134.27734375,-125.9765625,-22.4609375
1713493261176.375,3,-893.5546875,293.45703125,-948.73046875,-866.69921875,301.7578125,-888.18359375,436.5234375,-813.96484375,-987.79296875,152.34375,-898.4375,562.5
1713493261176.375,2,117.67578125,25.390625,-65.4296875,-50.29296875,35.15625,74.21875,22.4609375,-57.12890625,-57.12890625,8.30078125,80.078125,76.171875
1713493261176.375,0,357.421875,128.90625,-270.5078125,-283.203125,113.28125,382.32421875,160.64453125,-229.00390625,-285.64453125,85.9375,350.09765625,166.015625
1713493261176.375,1,352.05078125,325.1953125,312.98828125,319.82421875,329.58984375,336.9140625,340.8203125,325.68359375,319.82421875,332.03125,358.3984375,363.28125
1713493261176.375,4,150.87890625,77.63671875,-244.140625,-377.9296875,-70.80078125,323.73046875,246.09375,-154.78515625,-336.42578125,147.4609375,476.07421875,214.84375
1713493261223.250,3,-645.01953125,-1000,-65.91796875,-957.51953125,712.890625,-458.984375,-1000,-257.8125,988.76953125,729.4921875,-480.95703125,-1000
1713493261223.250,2,-37.59765625,-75.1953125,11.71875,95.703125,54.6875,-60.546875,-83.984375,8.7890625,76.171875,30.2734375,-38.57421875,-74.21875
1713493261223.250,0,-176.7578125,-298.33984375,-14.16015625,330.078125,291.50390625,-100.5859375,-318.84765625,-68.359375,352.05078125,310.05859375,-131.8359375,-319.3359375
1713493261223.250,1,327.63671875,323.73046875,353.515625,378.90625,361.328125,332.51953125,340.33203125,366.69921875,355.95703125,340.8203125,348.14453125,335.9375
1713493261223.250,4,-18.5546875,-225.5859375,-198.73046875,100.5859375,248.53515625,15.625,-269.53125,-232.91015625,212.890625,450.68359375,31.25,-303.22265625
1713493261270.125,3,-396.97265625,832.03125,936.5234375,-160.15625,-1000,-549.8046875,680.17578125,-963.37890625,17.08984375,-1000,-687.01171875,509.27734375
1713493261270.125,2,-32.71484375,71.77734375,90.33203125,-8.30078125,-81.54296875,-47.36328125,63.96484375,83.0078125,-14.6484375,-84.47265625,-44.43359375,49.8046875
1713493261270.125,0,-101.07421875,256.8359375,305.6640625,-6.34765625,-292.48046875,-149.4140625,230.46875,350.09765625,41.9921875,-300.78125,-202.1484375,201.66015625
1713493261270.125,1,342.7734375,370.60546875,371.09375,349.609375,338.37890625,350.09765625,375,362.79296875,330.078125,323.2421875,330.078125,338.8671875
1713493261270.125,4,-155.76171875,135.25390625,131.8359375,-25.390625,-222.65625,-239.74609375,75.68359375,263.18359375,133.30078125,-222.16796875,-391.11328125,-12.6953125
1713493261317.000,3,-915.0390625,208.0078125,-1000,-789.0625,407.71484375,-888.671875,392.08984375,-861.328125,-925.78125,213.8671875,-902.83203125,535.15625
1713493261317.000,2,74.21875,-0.9765625,-82.51953125,-65.4296875,15.625,81.54296875,37.109375,-68.359375,-103.515625,16.11328125,124.51171875,49.31640625
1713493261317.000,0,383.30078125,107.421875,-269.53125,-228.515625,170.8984375,359.86328125,143.5546875,-204.58984375,-209.9609375,66.40625,326.171875,216.30859375
1713493261317.000,1,343.26171875,332.03125,312.98828125,315.4296875,342.7734375,381.34765625,373.53515625,353.02734375,346.19140625,384.27734375,411.1328125,394.53125
1713493261317.000,4,303.22265625,87.890625,-244.140625,-263.671875,134.27734375,350.5859375,208.49609375,-66.40625,-21.484375,99.609375,154.78515625,211.9140625
1713493261363.875,3,-706.54296875,-1000,35.15625,-929.6875,660.64453125,-530.76171875,-1000,-105.95703125,-967.28515625,760.7421875,-387.20703125,-1000
1713493261363.875,2,-58.59375,-61.5234375,26.3671875,90.33203125,49.8046875,-57.12890625,-89.35546875,-26.3671875,58.10546875,85.9375,-20.5078125,-90.8203125
1713493261363.875,0,-194.3359375,-305.6640625,34.66796875,365.234375,253.90625,-134.765625,-296.38671875,8.7890625,322.265625,226.07421875,-108.3984375,-321.2890625
1713493261363.875,1,384.27734375,391.6015625,411.62109375,414.55078125,405.76171875,389.16015625,381.34765625,384.765625,417.96875,433.59375,386.23046875,365.234375
1713493261363.875,4,-136.23046875,-407.2265625,-174.8046875,179.19921875,245.60546875,0.9765625,-272.4609375,8.7890625,391.6015625,199.21875,-44.43359375,-246.09375
1713493261410.750,3,-327.63671875,896.97265625,907.2265625,-208.984375,-1000,-489.74609375,757.32421875,974.609375,-113.28125,-1000,-622.55859375,570.80078125
1713493261410.750,2,-11.23046875,85.9375,59.5703125,-46.38671875,-102.05078125,-46.38671875,40.52734375,34.1796875,-18.06640625,-66.89453125,-56.15234375,46.875
1713493261410.750,0,-113.28125,271.484375,330.56640625,-37.109375,-328.61328125,-141.6015625,277.34375,376.46484375,-4.8828125,-315.91796875,-174.31640625,197.75390625
1713493261410.750,1,390.625,411.62109375,398.92578125,373.046875,365.72265625,384.765625,397.94921875,395.5078125,408.203125,402.34375,397.4609375,428.22265625
1713493261410.750,4,-250,52.734375,262.20703125,39.0625,-358.3984375,-298.828125,187.98828125,507.8125,125.48828125,-323.2421875,-232.421875,110.83984375
1713493261457.625,3,-939.453125,108.3984375,-1000,-769.04296875,404.296875,-891.6015625,338.37890625,-919.921875,-891.11328125,277.83203125,-887.6953125,437.01171875
1713493261457.625,2,85.44921875,-8.7890625,-110.3515625,-75.1953125,46.38671875,70.80078125,-12.6953125,-82.03125,-56.15234375,33.69140625,55.17578125,5.37109375
1713493261457.625,0,340.8203125,70.3125,-261.71875,-223.14453125,158.69140625,385.7421875,151.3671875,-252.44140625,-275.390625,108.3984375,420.8984375,193.84765625
1713493261457.625,1,438.96484375,410.64453125,392.578125,419.921875,442.3828125,429.19921875,423.828125,425.29296875,431.15234375,450.1953125,449.21875,446.2890625
1713493261457.625,4,243.1640625,54.19921875,-151.85546875,-248.53515625,-128.90625,221.19140625,351.07421875,-87.890625,-470.21484375,-224.12109375,418.9453125,393.5546875
1713493261504.500,3,-813.96484375,-975.09765625,138.18359375,-915.52734375,582.03125,-614.2578125,-1000,-145.01953125,-980.46875,713.8671875,-476.5625,-1000
1713493261504.500,2,-47.36328125,-69.82421875,7.32421875,93.26171875,57.6171875,-71.2890625,-107.91015625,0.48828125,96.19140625,47.8515625,-63.4765625,-63.4765625
1713493261504.500,0,-249.0234375,-269.53125,69.82421875,344.23828125,243.65234375,-97.16796875,-253.41796875,-1.953125,380.37109375,361.81640625,-86.42578125,-342.28515625
1713493261504.500,1,447.75390625,432.12890625,449.70703125,480.46875,471.6796875,437.01171875,437.01171875,481.93359375,492.67578125,456.54296875,429.6875,441.40625
1713493261504.500,4,-252.9296875,-340.33203125,-57.12890625,151.85546875,124.0234375,7.32421875,-174.31640625,-240.234375,43.45703125,287.59765625,75.68359375,-400.87890625
1713493261551.375,3,-356.93359375,899.4140625,780.76171875,-417.96875,-1000,-440.91796875,794.43359375,911.1328125,-234.86328125,-1000,-661.1328125,529.296875
1713493261551.375,2,11.71875,78.125,74.21875,-15.625,-83.0078125,-47.8515625,56.640625,96.6796875,-4.39453125,-88.37890625,-27.34375,85.44921875
1713493261551.375,0,-60.546875,299.8046875,268.5546875,-122.0703125,-365.234375,-133.7890625,220.21484375,257.32421875,-67.3828125,-382.32421875,-259.27734375,141.11328125
1713493261551.375,1,449.70703125,453.125,440.4296875,399.4140625,364.74609375,377.44140625,403.80859375,385.25390625,330.56640625,299.31640625,313.4765625,324.21875
1713493261551.375,4,-325.1953125,159.1796875,276.85546875,-63.96484375,-377.44140625,-193.359375,179.6875,153.3203125,-77.1484375,-300.29296875,-345.21484375,-87.40234375
1713493261598.250,3,-955.078125,-4.39453125,-1000,-747.55859375,435.546875,-922.36328125,111.328125,-1000,-847.65625,282.2265625,-895.01953125,288.0859375
1713493261598.250,2,93.26171875,-21.484375,-90.8203125,-40.0390625,37.109375,57.6171875,-5.37109375,-82.51953125,-79.1015625,0,73.73046875,6.8359375
1713493261598.250,0,310.05859375,10.7421875,-395.01953125,-283.203125,166.9921875,336.42578125,40.52734375,-323.2421875,-229.98046875,166.015625,346.6796875,185.546875
1713493261598.250,1,289.0625,230.46875,205.078125,199.70703125,197.265625,180.6640625,146.484375,118.1640625,106.4453125,114.74609375,118.65234375,76.171875
1713493261598.250,4,221.6796875,132.8125,-301.7578125,-457.03125,-27.34375,353.02734375,169.43359375,-258.7890625,-319.3359375,59.08203125,171.38671875,-3.41796875
1713493261645.125,3,-909.66796875,-990.72265625,63.96484375,-904.78515625,506.34765625,-729.4921875,-1000,-112.3046875,-957.51953125,599.12109375,-622.0703125,-1000
1713493261645.125,2,-108.3984375,-100.09765625,5.37109375,64.453125,-10.25390625,-110.3515625,-97.65625,-15.13671875,56.15234375,29.78515625,-62.5,-101.07421875
1713493261645.125,0,-167.96875,-250.9765625,101.5625,433.10546875,313.96484375,-123.046875,-268.5546875,79.1015625,420.41015625,319.3359375,-74.70703125,-235.3515625
1713493261645.125,1,30.2734375,33.203125,60.05859375,54.19921875,16.11328125,-2.44140625,11.71875,34.66796875,50.29296875,40.0390625,-0.9765625,-28.3203125
1713493261645.125,4,-165.0390625,-271.484375,-167.96875,126.953125,261.71875,-56.15234375,-387.6953125,-108.88671875,223.14453125,127.9296875,-187.01171875,-387.6953125
1713493261692.000,3,-231.93359375,982.91015625,729.00390625,-461.42578125,-1000,-485.3515625,762.20703125,891.11328125,-268.06640625,-1000,-600.09765625,639.16015625
1713493261692.000,2,-69.3359375,22.4609375,57.12890625,-60.546875,-123.046875,-44.921875,39.0625,23.92578125,-81.0546875,-113.28125,-43.45703125,33.203125
1713493261692.000,0,92.28515625,414.55078125,336.42578125,8.30078125,-232.421875,-34.66796875,354.4921875,423.828125,55.6640625,-299.31640625,-94.7265625,362.3046875
1713493261692.000,1,-43.9453125,-32.2265625,-37.109375,-94.23828125,-120.1171875,-127.9296875,-137.20703125,-162.109375,-192.3828125,-198.2421875,-201.66015625,-198.2421875
1713493261692.000,4,-70.3125,264.16015625,99.12109375,-70.3125,-284.1796875,-291.50390625,11.71875,267.578125,185.546875,-247.55859375,-345.703125,30.2734375
1713493261738.875,3,970.703125,-155.76171875,-1000,-704.1015625,467.7734375,-944.82421875,44.921875,-1000,-829.58984375,304.19921875,-895.5078125,285.15625
1713493261738.875,2,43.45703125,-26.3671875,-103.02734375,-83.984375,24.4140625,62.5,-31.73828125,-115.234375,-77.1484375,26.3671875,62.5,-40.52734375
1713493261738.875,0,448.2421875,83.49609375,-228.515625,-115.234375,262.20703125,453.125,185.05859375,-207.03125,-176.7578125,243.65234375,494.140625,279.296875
1713493261738.875,1,-214.35546875,-264.6484375,-304.6875,-317.3828125,-329.58984375,-361.328125,-411.1328125,-449.70703125,-470.703125,-503.90625,-563.96484375,-653.80859375
1713493261738.875,4,187.01171875,-48.33984375,-388.18359375,-423.33984375,-67.3828125,151.85546875,62.01171875,-193.84765625,-307.12890625,-113.28125,161.62109375,332.51953125
1713493261785.750,3,-928.22265625,-943.359375,168.9453125,-897.94921875,442.87109375,-788.0859375,-1000,57.6171875,-928.7109375,579.58984375,-626.46484375,-1000
1713493261785.750,2,-123.53515625,-72.265625,6.8359375,48.828125,12.20703125,-94.23828125,-123.53515625,-36.1328125,71.2890625,45.41015625,-77.1484375,-101.07421875
1713493261785.750,0,-161.62109375,-237.79296875,178.22265625,463.8671875,251.46484375,-158.203125,-238.76953125,99.609375,374.51171875,290.52734375,-114.2578125,-308.59375
1713493261785.750,1,-707.51953125,-722.65625,-789.0625,-872.55859375,-944.3359375,-998.53515625,-1000,-999.51171875,-1000,-1000,-1000,-1000
1713493261785.750,4,16.11328125,-361.328125,-83.984375,302.24609375,224.12109375,-181.640625,-228.515625,119.62890625,224.12109375,156.73828125,-35.64453125,-275.87890625
1713493261832.625,3,-157.71484375,-996.58203125,727.5390625,-454.1015625,-1000,-289.0625,921.875,842.28515625,-295.8984375,-1000,-413.57421875,798.33984375
1713493261832.625,2,-11.71875,65.91796875,30.2734375,-76.66015625,-107.421875,-41.015625,17.578125,20.5078125,-30.2734375,-91.30859375,-44.43359375,54.6875
1713493261832.625,0,-6.8359375,384.27734375,344.23828125,-101.07421875,-341.30859375,-67.87109375,372.0703125,360.3515625,-96.6796875,-338.8671875,-126.953125,255.859375
1713493261832.625,1,-1000,-1000,-1000,-1000,-1000,-1000,-1000,-1000,-1000,-1000,-1000,-1000
1713493261832.625,4,-252.9296875,62.98828125,187.5,-10.7421875,-234.86328125,-201.171875,334.47265625,540.0390625,-24.90234375,-293.9453125,-106.93359375,122.55859375
1713493261879.500,3,974.12109375,-62.98828125,-1000,-553.7109375,657.71484375,-931.15234375,167.48046875,-1000,-727.5390625,483.88671875,-913.57421875,287.109375
1713493261879.500,2,70.80078125,-27.83203125,-97.65625,-46.875,45.41015625,41.015625,-44.921875,-99.12109375,-69.3359375,5.37109375,20.5078125,-23.92578125
1713493261879.500,0,352.05078125,21.484375,-293.45703125,-171.875,215.8203125,372.55859375,59.5703125,-350.5859375,-311.5234375,153.80859375,360.83984375,0.9765625
1713493261879.500,1,-1000,-999.0234375,-1000,-973.14453125,-927.24609375,-938.4765625,-953.125,-937.5,-904.78515625,-891.6015625,-875.48828125,-841.796875
1713493261879.500,4,224.609375,88.8671875,-187.01171875,-253.90625,34.66796875,369.140625,354.00390625,-97.65625,-328.125,121.58203125,462.890625,146.97265625
1713493261926.375,3,-931.640625,-819.3359375,366.2109375,-904.78515625,500,-739.74609375,-936.03515625,224.609375,-921.875,662.59765625,-541.9921875,-1000
1713493261926.375,2,-109.86328125,-126.46484375,-30.2734375,32.2265625,-31.73828125,-137.6953125,-133.30078125,-21.484375,41.9921875,-37.59765625,-118.65234375,-88.37890625
1713493261926.375,0,-368.65234375,-359.375,14.16015625,297.36328125,100.5859375,-302.24609375,-387.6953125,-33.69140625,302.734375,202.1484375,-259.27734375,-441.40625
1713493261926.375,1,-840.33203125,-826.171875,-786.1328125,-763.18359375,-776.85546875,-788.0859375,-770.5078125,-745.60546875,-741.69921875,-763.671875,-764.16015625,-736.328125
1713493261926.375,4,-198.73046875,-278.80859375,-69.3359375,201.171875,236.328125,4.39453125,-155.2734375,-35.15625,157.2265625,456.54296875,274.4140625,-232.421875
1713493261973.250,3,53.7109375,-934.5703125,713.8671875,-450.68359375,-1000,-131.8359375,984.86328125,846.6796875,-247.0703125,-1000,-338.8671875,875.48828125
1713493261973.250,2,-21.484375,39.0625,16.11328125,-71.2890625,-118.1640625,-61.5234375,26.85546875,27.83203125,-82.51953125,-154.296875,-52.734375,38.0859375
1713493261973.250,0,-67.3828125,298.33984375,209.47265625,-199.21875,-381.8359375,-90.8203125,273.92578125,232.421875,-117.1875,-369.62890625,-213.8671875,229.4921875
1713493261973.250,1,-721.19140625,-703.125,-689.453125,-701.171875,-705.56640625,-677.734375,-642.578125,-631.34765625,-660.64453125,-644.53125,-588.37890625,-585.9375
1713493261973.250,4,-99.609375,221.6796875,238.28125,-40.52734375,-209.47265625,-34.1796875,217.28515625,217.7734375,136.71875,73.73046875,-55.6640625,165.0390625
1713493262020.125,3,977.05078125,-74.21875,-1000,-483.88671875,752.44140625,-969.23828125,65.4296875,-1000,-652.83203125,546.875,-916.9921875,340.33203125
1713493262020.125,2,1.953125,-76.66015625,-115.234375,-75.68359375,12.6953125,25.390625,-53.7109375,-117.1875,-89.84375,0.9765625,41.015625,-36.62109375
1713493262020.125,0,312.98828125,-90.33203125,-407.2265625,-218.26171875,204.1015625,319.3359375,-8.30078125,-340.33203125,-252.44140625,116.69921875,310.05859375,73.73046875
1713493262020.125,1,-588.37890625,-572.265625,-553.22265625,-536.62109375,-523.4375,-503.41796875,-491.2109375,-499.51171875,-478.02734375,-430.6640625,-422.36328125,-424.31640625
1713493262020.125,4,429.6875,180.6640625,-237.3046875,-231.4453125,137.6953125,348.14453125,103.02734375,-190.4296875,-148.92578125,83.49609375,257.8125,209.47265625
1713493262067.000,3,-914.55078125,-776.85546875,445.3125,-900.87890625,457.03125,-807.6171875,-863.76953125,341.30859375,-916.50390625,602.5390625,-618.65234375,-950.68359375
1713493262067.000,2,-160.15625,-116.69921875,21.97265625,33.69140625,-31.73828125,-109.375,-106.93359375,-21.484375,-1.46484375,-24.90234375,-80.078125,-121.58203125
1713493262067.000,0,-299.8046875,-361.81640625,50.78125,347.16796875,97.16796875,-293.9453125,-324.21875,54.6875,357.91015625,126.953125,-261.23046875,-314.453125
1713493262067.000,1,-427.24609375,-403.3203125,-366.69921875,-354.98046875,-342.7734375,-339.84375,-321.77734375,-291.50390625,-281.25,-260.25390625,-258.30078125,-259.765625
1713493262067.000,4,153.80859375,-52.24609375,4.39453125,403.80859375,356.93359375,14.16015625,-124.51171875,87.40234375,483.88671875,373.53515625,-108.3984375,-259.765625
1713493262113.875,3,238.76953125,-943.84765625,785.64453125,-357.421875,-1000,100.5859375,-963.37890625,877.44140625,-186.5234375,-1000,-159.66796875,969.7265625
1713493262113.875,2,-44.43359375,30.76171875,-6.8359375,-109.375,-126.953125,-50.29296875,23.4375,-20.5078125,-109.375,-101.5625,-48.33984375,22.94921875
1713493262113.875,0,4.39453125,331.0546875,261.23046875,-150.87890625,-321.2890625,-15.625,317.87109375,319.3359375,-104.4921875,-395.5078125,-120.1171875,254.39453125
1713493262113.875,1,-230.46875,-201.66015625,-198.2421875,-206.54296875,-192.87109375,-152.83203125,-133.30078125,-152.34375,-154.78515625,-129.8828125,-120.1171875,-110.3515625
1713493262113.875,4,-41.015625,212.890625,245.1171875,42.48046875,-185.546875,-20.01953125,243.1640625,504.8828125,367.67578125,-235.83984375,-240.234375,130.37109375
1713493262160.750,3,942.87109375,-62.5,-1000,-324.70703125,869.140625,-985.3515625,127.44140625,-1000,-537.59765625,689.94140625,-918.9453125,279.296875
1713493262160.750,2,22.94921875,-62.01171875,-123.046875,-69.82421875,35.64453125,38.57421875,-67.3828125,-126.953125,-68.84765625,34.1796875,48.828125,-57.6171875
1713493262160.750,0,262.6953125,-86.9140625,-333.49609375,-158.203125,228.515625,342.7734375,16.6015625,-323.73046875,-222.16796875,167.96875,372.0703125,91.30859375
1713493262160.750,1,-108.88671875,-119.62890625,-118.65234375,-91.30859375,-68.84765625,-84.47265625,-112.3046875,-106.93359375,-81.54296875,-64.453125,-77.1484375,-94.23828125
1713493262160.750,4,202.1484375,-10.25390625,-192.3828125,-153.80859375,80.56640625,317.3828125,308.10546875,-22.94921875,-166.015625,35.64453125,329.58984375,464.84375
1713493262207.625,3,-997.0703125,-717.7734375,516.6015625,-905.76171875,404.78515625,-862.79296875,-808.10546875,382.32421875,-885.7421875,453.125,-841.796875,-969.7265625
1713493262207.625,2,-92.28515625,-39.0625,34.66796875,70.80078125,7.8125,-85.9375,-96.6796875,4.8828125,95.703125,18.5546875,-89.84375,-76.171875
1713493262207.625,0,-343.26171875,-276.85546875,138.18359375,333.49609375,103.515625,-256.34765625,-245.1171875,83.984375,321.77734375,137.20703125,-270.01953125,-320.3125
1713493262207.625,1,-59.08203125,-38.0859375,-29.296875,-15.13671875,-33.69140625,-51.7578125,-43.9453125,-5.859375,20.01953125,-10.25390625,-28.3203125,-17.08984375
1713493262207.625,4,-24.90234375,-327.63671875,-29.78515625,216.796875,101.5625,-187.01171875,-45.41015625,173.828125,149.4140625,83.984375,-39.0625,-149.4140625
1713493262254.500,3,162.109375,-916.9921875,614.74609375,-592.28515625,-1000,-12.20703125,-944.82421875,718.75,-447.265625,-1000,-234.375,933.59375
1713493262254.500,2,23.4375,80.078125,26.85546875,-53.22265625,-68.359375,-5.37109375,60.05859375,71.77734375,-7.32421875,-77.1484375,-3.90625,105.46875
1713493262254.500,0,-6.8359375,322.75390625,210.9375,-221.6796875,-353.02734375,-8.7890625,321.77734375,215.8203125,-167.48046875,-333.984375,-81.54296875,252.9296875
1713493262254.500,1,3.41796875,-1.953125,-19.04296875,-16.11328125,3.90625,21.484375,45.8984375,62.01171875,25.390625,-8.30078125,19.53125,51.26953125
1713493262254.500,4,-163.57421875,166.015625,300.29296875,-63.4765625,-363.28125,-80.56640625,392.578125,315.4296875,-34.66796875,-209.47265625,-102.05078125,100.5859375
1713493262301.375,3,833.984375,-295.8984375,-1000,-450.1953125,796.875,945.80078125,-167.48046875,-1000,-581.54296875,648.4375,-963.8671875,20.5078125
1713493262301.375,2,84.47265625,-26.85546875,-78.61328125,-0.9765625,87.890625,59.5703125,-23.92578125,-62.01171875,-15.625,52.24609375,69.82421875,21.484375
1713493262301.375,0,275.390625,-68.359375,-341.796875,-151.3671875,270.99609375,369.140625,1.46484375,-333.0078125,-178.7109375,251.953125,333.49609375,27.34375
1713493262301.375,1,24.4140625,-6.8359375,0,31.25,43.9453125,27.83203125,15.13671875,11.23046875,20.01953125,26.3671875,37.59765625,39.0625
1713493262301.375,4,194.3359375,88.37890625,-113.76953125,-204.58984375,68.359375,377.44140625,212.40234375,-282.2265625,-350.09765625,168.9453125,395.5078125,46.38671875
1713493262348.250,3,-1000,-738.76953125,443.359375,-915.52734375,206.0546875,-970.703125,-859.375,286.1328125,-885.7421875,380.37109375,-863.28125,-992.67578125
1713493262348.250,2,-59.5703125,-38.0859375,65.4296875,100.5859375,-3.41796875,-108.88671875,-70.3125,43.45703125,83.49609375,-12.6953125,-77.1484375,-52.24609375
1713493262348.250,0,-234.375,-211.9140625,99.609375,302.24609375,74.70703125,-319.3359375,-372.55859375,-30.76171875,226.07421875,59.5703125,-416.015625,-511.71875
1713493262348.250,1,12.20703125,2.9296875,39.0625,55.6640625,26.3671875,-2.44140625,-1.46484375,13.18359375,9.27734375,-31.25,-33.69140625,-18.5546875
1713493262348.250,4,-213.37890625,-182.6171875,15.625,181.640625,215.8203125,-21.484375,-230.46875,-30.76171875,280.76171875,483.88671875,69.82421875,-352.05078125
1713493262395.125,3,109.375,-895.01953125,475.09765625,-748.046875,-1000,-48.828125,-978.515625,617.1875,-522.94921875,-1000,-197.75390625,975.5859375
1713493262395.125,2,-5.859375,49.8046875,32.2265625,-69.82421875,-97.16796875,-17.578125,55.17578125,29.296875,-63.4765625,-91.796875,-12.20703125,65.4296875
1713493262395.125,0,-96.6796875,182.12890625,-10.25390625,-365.72265625,-455.078125,-129.8828125,196.77734375,134.27734375,-228.515625,-417.96875,-121.58203125,279.296875
1713493262395.125,1,-16.6015625,-13.18359375,-20.5078125,-50.78125,-65.4296875,-55.17578125,-55.17578125,-66.89453125,-89.84375,-102.05078125,-77.63671875,-51.26953125
1713493262395.125,4,-21.484375,360.83984375,203.125,-162.59765625,-276.3671875,-70.3125,128.41796875,248.046875,48.33984375,-335.44921875,-317.3828125,-10.25390625
1713493262442.000,3,825.68359375,-318.359375,-1000,-311.5234375,909.66796875,928.22265625,-151.85546875,-1000,-428.22265625,766.11328125,-970.703125,105.95703125
1713493262442.000,2,19.04296875,-67.87109375,-66.89453125,-12.20703125,60.546875,58.10546875,-31.25,-103.02734375,-63.4765625,75.68359375,96.19140625,-18.5546875
1713493262442.000,0,302.24609375,-129.39453125,-405.76171875,-105.46875,300.78125,304.6875,-46.875,-282.2265625,-121.09375,209.9609375,349.609375,51.7578125
1713493262442.000,1,-79.58984375,-94.7265625,-71.77734375,-69.82421875,-63.96484375,-64.453125,-83.49609375,-108.88671875,-103.02734375,-67.3828125,-77.63671875,-91.796875
1713493262442.000,4,449.70703125,300.78125,-326.66015625,-166.015625,263.18359375,282.71484375,81.0546875,-104.4921875,-61.03515625,71.2890625,206.0546875,137.6953125
1713493262488.875,3,-1000,-597.16796875,645.5078125,-937.5,247.0703125,-971.6796875,-713.8671875,516.6015625,-904.296875,424.31640625,-843.26171875,-834.9609375
1713493262488.875,2,-83.984375,-32.71484375,60.05859375,65.91796875,-4.39453125,-68.84765625,-60.546875,40.0390625,97.65625,30.76171875,-62.98828125,-97.65625
1713493262488.875,0,-310.05859375,-217.28515625,207.03125,390.13671875,93.75,-251.46484375,-206.54296875,159.66796875,362.79296875,136.23046875,-222.65625,-220.21484375
1713493262488.875,1,-84.47265625,-80.56640625,-77.63671875,-80.078125,-86.42578125,-96.6796875,-90.33203125,-56.640625,-39.55078125,-55.6640625,-77.63671875,-87.40234375
1713493262488.875,4,-237.3046875,-358.3984375,-7.8125,354.00390625,214.84375,-215.8203125,-312.5,9.765625,249.0234375,140.625,-125,-43.45703125
1713493262535.750,3,364.74609375,-917.48046875,579.1015625,-642.08984375,-982.421875,173.828125,-915.52734375,664.55078125,-532.71484375,-1000,29.296875,-942.3828125
1713493262535.750,2,0.9765625,95.703125,24.4140625,-73.2421875,-59.08203125,23.92578125,69.3359375,21.97265625,-41.50390625,-48.33984375,-6.8359375,64.94140625
1713493262535.750,0,102.5390625,354.98046875,213.8671875,-193.84765625,-297.8515625,54.6875,394.04296875,270.01953125,-179.6875,-296.38671875,21.484375,338.37890625
1713493262535.750,1,-47.36328125,-32.2265625,-69.82421875,-90.8203125,-83.49609375,-74.21875,-78.61328125,-98.14453125,-92.7734375,-96.6796875,-107.421875,-83.0078125
1713493262535.750,4,149.4140625,253.90625,274.4140625,-23.4375,-315.4296875,-208.49609375,273.4375,463.8671875,-42.48046875,-395.01953125,-134.765625,177.734375
1713493262582.625,3,774.90234375,-351.5625,-1000,-191.40625,965.8203125,895.01953125,-175.29296875,-1000,-433.59375,795.41015625,996.09375,-57.12890625
1713493262582.625,2,62.5,-42.96875,-91.796875,-11.23046875,67.87109375,41.9921875,-56.640625,-100.09765625,-37.109375,44.921875,7.8125,-89.84375
1713493262582.625,0,271.97265625,-91.30859375,-289.55078125,-31.73828125,334.9609375,321.77734375,-62.01171875,-345.703125,-149.90234375,257.8125,392.578125,16.11328125
1713493262582.625,1,-80.078125,-119.62890625,-134.27734375,-109.86328125,-86.42578125,-97.16796875,-111.328125,-101.07421875,-94.23828125,-80.078125,-92.28515625,-102.5390625
1713493262582.625,4,154.78515625,-61.5234375,-298.828125,-191.89453125,149.4140625,293.9453125,117.67578125,-205.56640625,-245.1171875,-19.04296875,375.48828125,325.68359375
1713493262629.500,3,-1000,-562.98828125,675.29296875,-952.1484375,95.21484375,-1000,-714.84375,483.3984375,-913.57421875,347.16796875,-882.32421875,-856.4453125
1713493262629.500,2,-104.00390625,-61.5234375,20.01953125,51.7578125,-19.04296875,-122.55859375,-119.62890625,6.8359375,65.91796875,-27.83203125,-130.37109375,-84.9609375
1713493262629.500,0,-361.328125,-182.6171875,224.12109375,327.63671875,45.41015625,-255.859375,-195.80078125,143.06640625,326.171875,135.25390625,-233.88671875,-303.7109375
1713493262629.500,1,-90.33203125,-88.8671875,-75.68359375,-71.2890625,-95.21484375,-124.51171875,-119.62890625,-83.49609375,-61.5234375,-87.890625,-104.00390625,-77.63671875
1713493262629.500,4,-259.27734375,-245.1171875,138.18359375,211.9140625,10.25390625,-110.83984375,-49.8046875,89.35546875,228.02734375,247.0703125,72.75390625,-255.859375
1713493262676.375,3,334.47265625,-895.5078125,458.0078125,-790.52734375,-943.359375,228.02734375,-912.59765625,632.32421875,-577.63671875,-1000,64.94140625,-958.0078125
1713493262676.375,2,11.23046875,42.48046875,-7.32421875,-86.9140625,-95.703125,-22.94921875,42.96875,18.5546875,-73.2421875,-140.625,-63.4765625,62.01171875
1713493262676.375,0,91.30859375,360.83984375,143.5546875,-247.0703125,-292.48046875,55.17578125,329.1015625,176.7578125,-195.3125,-265.625,-0.48828125,269.04296875
1713493262676.375,1,-67.87109375,-74.21875,-84.47265625,-93.75,-81.0546875,-53.7109375,-37.109375,-28.80859375,-42.48046875,-71.2890625,-42.48046875,-6.8359375
1713493262676.375,4,-105.95703125,177.734375,161.1328125,-138.671875,-305.6640625,-6.34765625,289.0625,224.12109375,-136.23046875,-117.1875,196.77734375,163.0859375
1713493262723.250,3,732.421875,-412.59765625,-1000,-146.484375,997.0703125,846.6796875,-255.37109375,-1000,-332.51953125,899.90234375,931.640625,-161.1328125
1713493262723.250,2,17.578125,-96.6796875,-119.62890625,-39.0625,29.296875,2.44140625,-83.0078125,-125,-76.66015625,15.13671875,41.9921875,-54.19921875
1713493262723.250,0,248.53515625,-120.60546875,-342.28515625,-88.8671875,290.52734375,290.0390625,-98.14453125,-359.86328125,-118.1640625,266.6015625,302.24609375,-36.62109375
1713493262723.250,1,-44.43359375,-79.58984375,-62.5,-30.2734375,-16.11328125,-18.06640625,-29.78515625,-27.83203125,-17.578125,-8.30078125,-3.90625,-25.390625
1713493262723.250,4,224.609375,87.40234375,-250.9765625,-200.68359375,165.0390625,338.37890625,137.6953125,-217.28515625,-99.609375,299.8046875,328.61328125,84.9609375
1713493262770.125,3,-1000,-568.84765625,640.13671875,-978.515625,-45.8984375,-1000,-608.3984375,478.515625,-916.50390625,183.59375,-1000,-814.453125
1713493262770.125,2,-146.484375,-106.93359375,36.62109375,57.12890625,-60.546875,-134.765625,-93.75,-11.71875,23.92578125,-31.73828125,-119.62890625,-111.328125
1713493262770.125,0,-280.76171875,-153.3203125,165.0390625,333.49609375,39.55078125,-283.69140625,-196.2890625,171.875,357.91015625,81.0546875,-280.2734375,-229.4921875
1713493262770.125,1,-48.828125,-19.53125,32.71484375,29.78515625,0,-19.53125,-6.8359375,14.6484375,28.80859375,19.53125,-16.11328125,-20.99609375
1713493262770.125,4,-52.734375,67.87109375,128.41796875,270.5078125,166.50390625,-95.703125,-164.0625,87.40234375,361.81640625,201.66015625,-191.40625,-317.87109375
1713493262817.000,3,366.69921875,-892.578125,325.68359375,-884.765625,-966.796875,141.6015625,-899.4140625,485.83984375,-721.6796875,-1000,-125.48828125,-961.9140625
1713493262817.000,2,-31.25,32.71484375,-2.44140625,-125,-130.859375,-23.92578125,33.69140625,-21.97265625,-111.81640625,-103.515625,-19.53125,34.1796875
1713493262817.000,0,164.0625,332.03125,108.3984375,-206.0546875,-255.859375,59.5703125,333.49609375,200.68359375,-176.7578125,-308.59375,12.20703125,342.7734375
1713493262817.000,1,3.90625,31.73828125,22.94921875,-9.27734375,-6.34765625,15.13671875,37.59765625,20.99609375,2.9296875,22.94921875,37.59765625,40.52734375
1713493262817.000,4,162.59765625,419.43359375,150.87890625,-46.875,-117.67578125,-33.69140625,248.53515625,364.74609375,83.984375,-310.05859375,-182.6171875,312.98828125
1713493262863.875,3,532.2265625,-685.546875,-1000,-205.078125,963.37890625,710.44921875,-441.40625,-1000,-320.3125,877.44140625,872.0703125,-257.32421875
1713493262863.875,2,-8.30078125,-93.26171875,-114.74609375,-63.96484375,-0.9765625,8.7890625,-73.73046875,-145.5078125,-104.98046875,31.25,50.29296875,-73.2421875
1713493262863.875,0,224.609375,-163.57421875,-300.29296875,12.6953125,330.078125,244.140625,-109.86328125,-273.92578125,-46.875,224.12109375,278.80859375,-26.85546875
1713493262863.875,1,23.4375,15.13671875,12.6953125,8.30078125,18.5546875,18.06640625,6.8359375,-5.859375,9.27734375,55.6640625,33.69140625,-6.34765625
1713493262863.875,4,372.55859375,-53.22265625,-333.49609375,21.97265625,463.37890625,308.10546875,31.73828125,-22.4609375,174.8046875,216.796875,230.95703125,137.20703125
1713493262910.750,3,-1000,-498.046875,746.09375,972.16796875,-92.28515625,-1000,-573.2421875,640.625,-953.61328125,168.9453125,-1000,-750.9765625
1713493262910.750,2,-125.9765625,-59.08203125,22.94921875,20.01953125,-51.7578125,-119.140625,-101.5625,-23.4375,30.2734375,-32.71484375,-139.6484375,-113.28125
1713493262910.750,0,-319.82421875,-147.4609375,264.16015625,344.23828125,-4.39453125,-292.48046875,-147.4609375,207.03125,290.52734375,60.546875,-238.28125,-218.75
1713493262910.750,1,0.48828125,11.23046875,3.90625,-7.32421875,-17.578125,-37.109375,-40.52734375,-19.04296875,3.90625,-20.99609375,-54.6875,-39.55078125
1713493262910.750,4,-237.79296875,-346.6796875,21.484375,374.51171875,92.28515625,-299.31640625,-121.58203125,285.64453125,318.84765625,110.83984375,-119.62890625,-239.2578125
1713493262957.625,3,449.70703125,-899.90234375,317.3828125,-931.640625,-846.6796875,345.21484375,-893.5546875,472.16796875,-772.94921875,-967.28515625,171.38671875,-918.9453125
1713493262957.625,2,5.37109375,35.64453125,-54.6875,-137.20703125,-113.76953125,-21.97265625,2.9296875,-51.7578125,-99.12109375,-110.3515625,-32.71484375,35.64453125
1713493262957.625,0,123.53515625,349.609375,131.34765625,-244.140625,-245.1171875,109.86328125,366.2109375,155.2734375,-255.37109375,-291.9921875,12.20703125,291.50390625
1713493262957.625,1,-19.04296875,-36.62109375,-66.89453125,-78.125,-62.98828125,-52.734375,-67.87109375,-76.66015625,-67.87109375,-70.3125,-51.7578125,-34.66796875
1713493262957.625,4,-87.890625,123.046875,143.5546875,-141.6015625,-361.328125,-73.2421875,476.5625,437.98828125,-192.3828125,-395.99609375,-115.72265625,211.9140625
1713493263004.500,3,633.7890625,-562.98828125,-1000,-10.7421875,-961.42578125,777.34375,-352.5390625,-1000,-180.6640625,978.515625,850.09765625,-256.8359375
1713493263004.500,2,-14.16015625,-115.234375,-137.20703125,-37.59765625,46.38671875,-10.25390625,-123.046875,-119.140625,-33.203125,16.6015625,-0.48828125,-71.2890625
1713493263004.500,0,174.31640625,-181.15234375,-287.59765625,-36.1328125,287.109375,279.78515625,-87.890625,-329.1015625,-74.21875,312.5,290.52734375,-88.8671875
1713493263004.500,1,-36.62109375,-62.5,-65.91796875,-16.6015625,-12.20703125,-41.9921875,-59.5703125,-45.41015625,-40.0390625,-49.8046875,-56.15234375,-66.40625
1713493263004.500,4,199.21875,-102.5390625,-254.8828125,-94.7265625,145.5078125,347.65625,229.00390625,-263.18359375,-261.71875,177.24609375,331.54296875,-6.34765625
1713493263051.375,3,-1000,-349.609375,860.83984375,946.2890625,-114.2578125,-1000,-547.36328125,659.66796875,-948.2421875,112.79296875,-1000,-676.26953125
1713493263051.375,2,-118.1640625,-79.58984375,6.8359375,28.3203125,-52.734375,-142.08984375,-116.2109375,19.53125,45.8984375,-59.08203125,-129.39453125,-77.1484375
1713493263051.375,0,-293.9453125,-83.0078125,250,286.1328125,-32.71484375,-253.41796875,-133.30078125,173.33984375,339.35546875,69.3359375,-282.2265625,-209.47265625
1713493263051.375,1,-65.91796875,-63.96484375,-57.12890625,-43.9453125,-60.546875,-87.40234375,-62.98828125,-21.484375,-35.64453125,-64.94140625,-70.80078125,-73.73046875
1713493263051.375,4,-329.1015625,-178.7109375,200.1953125,243.1640625,-41.50390625,-79.1015625,42.48046875,31.73828125,159.1796875,120.60546875,-204.1015625,-361.81640625
1713493263098.250,3,538.0859375,-919.43359375,285.64453125,-988.28125,-703.61328125,566.40625,-913.57421875,433.10546875,-802.24609375,-928.7109375,206.54296875,-911.62109375
1713493263098.250,2,14.16015625,30.76171875,-35.15625,-111.328125,-96.19140625,-12.20703125,25.87890625,-30.76171875,-124.51171875,-151.85546875,-36.1328125,62.5
1713493263098.250,0,186.03515625,353.02734375,83.984375,-264.16015625,-193.84765625,175.29296875,326.66015625,121.58203125,-207.51953125,-228.02734375,25.390625,279.78515625
1713493263098.250,1,-72.75390625,-61.5234375,-64.453125,-71.77734375,-66.40625,-51.7578125,-40.52734375,-56.640625,-82.51953125,-85.9375,-46.38671875,-25.390625
1713493263098.250,4,-18.5546875,302.734375,145.99609375,-229.4921875,-293.9453125,2.9296875,242.67578125,156.73828125,-113.28125,-20.99609375,-30.2734375,2.9296875
1713493263145.125,3,584.47265625,-649.4140625,-1000,29.296875,-937.98828125,675.29296875,-503.41796875,-1000,-152.34375,-993.65234375,776.85546875,-364.74609375
1713493263145.125,2,-13.18359375,-114.2578125,-124.0234375,-42.96875,23.92578125,-19.04296875,-121.09375,-137.20703125,-84.9609375,-4.8828125,22.94921875,-77.1484375
1713493263145.125,0,168.9453125,-225.09765625,-323.2421875,-2.9296875,311.03515625,235.3515625,-143.5546875,-315.4296875,-17.08984375,291.50390625,243.1640625,-61.5234375
1713493263145.125,1,-51.7578125,-63.4765625,-50.78125,-35.64453125,-33.203125,-41.9921875,-50.29296875,-49.31640625,-42.96875,-16.11328125,0.9765625,-30.76171875
1713493263145.125,4,205.56640625,-67.3828125,-411.62109375,-226.5625,193.84765625,294.43359375,-69.3359375,-402.34375,-30.76171875,317.87109375,182.12890625,-49.8046875
1713493263192.000,3,-1000,-403.80859375,835.9375,935.546875,-195.3125,-1000,-463.37890625,708.984375,998.53515625,-50.78125,-1000,-616.2109375
1713493263192.000,2,-158.203125,-76.66015625,47.36328125,22.94921875,-85.44921875,-140.13671875,-77.63671875,6.34765625,14.6484375,-63.96484375,-126.953125,-101.07421875
1713493263192.000,0,-261.71875,-104.98046875,257.32421875,330.56640625,-5.37109375,-259.765625,-105.46875,247.55859375,323.73046875,3.41796875,-292.48046875,-157.2265625
1713493263192.000,1,-60.05859375,-33.203125,-9.27734375,-23.4375,-35.64453125,-41.015625,-28.80859375,-19.04296875,-28.80859375,-47.36328125,-69.82421875,-83.49609375
1713493263192.000,4,-143.06640625,-142.08984375,34.1796875,269.53125,75.68359375,-247.55859375,-220.703125,144.53125,314.94140625,32.2265625,-317.3828125,-156.73828125
1713493263238.875,3,596.19140625,-937.5,143.06640625,-1000,-794.921875,384.765625,-902.83203125,366.2109375,-860.3515625,-911.1328125,232.91015625,-879.8828125
1713493263238.875,2,-24.90234375,54.19921875,-9.27734375,-122.0703125,-98.6328125,-0.48828125,46.875,-40.0390625,-119.140625,-75.68359375,-5.37109375,40.0390625
1713493263238.875,0,215.8203125,293.45703125,40.52734375,-270.99609375,-248.53515625,132.8125,338.8671875,141.6015625,-232.91015625,-291.9921875,73.73046875,336.9140625
1713493263238.875,1,-61.03515625,-32.71484375,-66.89453125,-88.8671875,-72.75390625,-59.08203125,-36.62109375,-61.03515625,-65.91796875,-31.25,-35.15625,-36.1328125
1713493263238.875,4,331.54296875,311.5234375,-11.23046875,-295.41015625,-395.01953125,-100.5859375,251.46484375,375.9765625,59.08203125,-378.90625,-145.5078125,226.07421875
1713493263285.750,3,444.3359375,-838.8671875,-993.1640625,111.328125,-928.22265625,637.6953125,-544.921875,-1000,-145.5078125,-986.81640625,754.39453125,-417.48046875
1713493263285.750,2,-10.7421875,-106.4453125,-121.58203125,-38.57421875,37.59765625,-10.25390625,-121.58203125,-157.2265625,-51.7578125,45.8984375,5.37109375,-92.28515625
1713493263285.750,0,140.13671875,-219.7265625,-245.60546875,35.15625,295.41015625,211.42578125,-120.60546875,-270.01953125,-66.40625,280.2734375,258.30078125,-121.09375
1713493263285.750,1,-26.3671875,-33.203125,-51.7578125,-50.78125,-34.66796875,-48.33984375,-83.49609375,-100.09765625,-73.2421875,-44.921875,-55.6640625,-73.73046875
1713493263285.750,4,142.08984375,-151.3671875,-221.19140625,5.859375,235.83984375,222.65625,57.12890625,-31.25,-104.4921875,38.0859375,235.83984375,22.4609375
1713493263332.625,3,-1000,-295.8984375,915.0390625,859.375,-270.99609375,-1000,-445.80078125,775.390625,966.30859375,-99.609375,-1000,-634.27734375
1713493263332.625,2,-117.67578125,-55.6640625,15.625,14.16015625,-76.66015625,-139.16015625,-92.7734375,4.8828125,32.2265625,-52.734375,-159.1796875,-108.88671875
1713493263332.625,0,-308.10546875,-70.3125,277.83203125,281.73828125,-59.08203125,-290.0390625,-97.65625,234.86328125,285.64453125,-8.7890625,-241.2109375,-151.85546875
1713493263332.625,1,-72.75390625,-53.7109375,-38.0859375,-49.31640625,-72.75390625,-69.3359375,-43.9453125,-14.6484375,-13.18359375,-21.97265625,-48.828125,-49.31640625
1713493263332.625,4,-310.546875,-213.8671875,142.578125,243.65234375,15.625,-244.140625,-60.05859375,215.8203125,206.0546875,15.625,-72.265625,-97.65625
1713493263379.500,3,574.21875,-945.3125,71.77734375,-1000,-732.421875,459.47265625,-913.57421875,243.1640625,-959.47265625,-840.8203125,331.0546875,-895.01953125
1713493263379.500,2,38.57421875,41.015625,-44.921875,-105.46875,-82.03125,-13.18359375,20.5078125,-28.80859375,-105.95703125,-102.5390625,-43.45703125,37.59765625
1713493263379.500,0,160.64453125,337.890625,75.1953125,-254.39453125,-179.19921875,227.5390625,390.13671875,113.28125,-225.5859375,-186.5234375,170.41015625,314.94140625
1713493263379.500,1,-21.484375,-37.109375,-59.5703125,-54.6875,-37.109375,-26.3671875,-21.484375,-32.71484375,-26.85546875,-29.78515625,-36.62109375,5.859375
1713493263379.500,4,-53.7109375,247.55859375,153.3203125,-262.20703125,-361.328125,120.1171875,433.59375,190.91796875,-143.5546875,-229.98046875,229.00390625,357.91015625
1713493263426.375,3,397.4609375,-815.91796875,-997.55859375,63.96484375,-921.38671875,563.96484375,-647.94921875,-1000,-165.52734375,-989.2578125,641.6015625,-569.82421875
1713493263426.375,2,8.7890625,-109.86328125,-115.234375,-20.01953125,28.80859375,-34.1796875,-113.76953125,-105.46875,-22.4609375,22.4609375,-3.90625,-62.98828125
1713493263426.375,0,139.16015625,-187.01171875,-267.08984375,37.109375,325.68359375,248.046875,-131.34765625,-329.58984375,-46.875,331.0546875,233.3984375,-163.0859375
1713493263426.375,1,-1.46484375,-34.1796875,-11.71875,26.3671875,20.5078125,-6.34765625,-27.34375,-20.5078125,6.34765625,-0.9765625,-10.7421875,-18.5546875
1713493263426.375,4,102.5390625,-144.53125,-339.35546875,-208.49609375,136.71875,266.11328125,3.90625,-306.640625,-213.37890625,247.0703125,372.55859375,-30.2734375
1713493263473.250,3,-1000,-388.18359375,831.54296875,787.59765625,-405.2734375,-1000,-568.84765625,629.39453125,957.51953125,-115.234375,-1000,-677.734375
1713493263473.250,2,-95.703125,-41.9921875,42.48046875,40.0390625,-63.4765625,-141.11328125,-59.08203125,54.19921875,33.203125,-51.26953125,-90.8203125,-51.7578125
1713493263473.250,0,-289.55078125,-56.15234375,240.72265625,250.9765625,-41.50390625,-240.234375,-118.1640625,188.96484375,284.66796875,16.6015625,-246.09375,-145.01953125
1713493263473.250,1,-41.9921875,-40.0390625,-12.20703125,-17.578125,-48.33984375,-57.6171875,-14.16015625,29.296875,17.578125,1.46484375,2.44140625,18.5546875
1713493263473.250,4,-293.45703125,-142.08984375,116.69921875,190.4296875,32.71484375,28.80859375,-60.546875,-47.36328125,206.54296875,61.5234375,-307.6171875,-352.05078125
